,img_file,category,box_left,box_top,box_height,box_width,img_width,img_height
0,frame_0000.jpeg,chicken,1843,959,113,141,2592,1944
1,frame_0000.jpeg,chicken,1976,1055,151,97,2592,1944
2,frame_0000.jpeg,chicken,2053,1169,116,130,2592,1944
3,frame_0000.jpeg,chicken,2165,1198,125,114,2592,1944
4,frame_0000.jpeg,chicken,2205,1234,95,117,2592,1944
5,frame_0000.jpeg,chicken,2230,1313,92,89,2592,1944
6,frame_0000.jpeg,chicken,2144,1445,94,119,2592,1944
7,frame_0000.jpeg,chicken,2056,1481,132,87,2592,1944
8,frame_0000.jpeg,chicken,2170,1538,140,89,2592,1944
9,frame_0000.jpeg,chicken,2276,1533,121,80,2592,1944
10,frame_0000.jpeg,chicken,2301,1623,91,131,2592,1944
11,frame_0000.jpeg,chicken,2385,1670,86,112,2592,1944
12,frame_0000.jpeg,chicken,2449,1716,108,105,2592,1944
13,frame_0000.jpeg,chicken,2345,1790,107,100,2592,1944
14,frame_0000.jpeg,chicken,2369,1864,80,80,2592,1944
15,frame_0000.jpeg,chicken,2459,1839,99,83,2592,1944
16,frame_0000.jpeg,chicken,2550,1836,50,42,2592,1944
17,frame_0000.jpeg,chicken,2087,1610,140,100,2592,1944
18,frame_0000.jpeg,chicken,2003,1767,98,121,2592,1944
19,frame_0000.jpeg,chicken,1896,1208,126,119,2592,1944
20,frame_0000.jpeg,chicken,1837,1471,122,103,2592,1944
21,frame_0000.jpeg,chicken,1841,1230,164,90,2592,1944
22,frame_0000.jpeg,chicken,1985,825,99,130,2592,1944
23,frame_0000.jpeg,chicken,2024,736,93,135,2592,1944
24,frame_0000.jpeg,chicken,1966,686,87,135,2592,1944
25,frame_0000.jpeg,chicken,1805,635,90,170,2592,1944
26,frame_0000.jpeg,chicken,1982,540,77,112,2592,1944
27,frame_0000.jpeg,chicken,1814,487,110,142,2592,1944
28,frame_0000.jpeg,chicken,1924,350,138,98,2592,1944
29,frame_0000.jpeg,chicken,1849,307,127,94,2592,1944
30,frame_0000.jpeg,chicken,1930,178,115,101,2592,1944
31,frame_0000.jpeg,chicken,1828,141,100,94,2592,1944
32,frame_0000.jpeg,chicken,2192,21,93,72,2592,1944
33,frame_0000.jpeg,chicken,1562,900,115,174,2592,1944
34,frame_0000.jpeg,chicken,1353,1207,109,147,2592,1944
35,frame_0000.jpeg,chicken,1604,1523,142,88,2592,1944
36,frame_0000.jpeg,chicken,1445,1500,137,93,2592,1944
37,frame_0000.jpeg,chicken,2127,450,88,108,2592,1944
38,frame_0000.jpeg,chicken,2080,264,86,112,2592,1944
39,frame_0000.jpeg,chicken,2126,316,120,94,2592,1944
40,frame_0000.jpeg,chicken,2297,426,119,109,2592,1944
41,frame_0000.jpeg,chicken,2314,129,95,68,2592,1944
42,frame_0000.jpeg,chicken,2201,560,145,77,2592,1944
43,frame_0000.jpeg,chicken,2266,608,143,83,2592,1944
44,frame_0000.jpeg,chicken,2330,558,87,95,2592,1944
45,frame_0000.jpeg,chicken,2350,1213,118,90,2592,1944
46,frame_0000.jpeg,chicken,2368,1324,68,110,2592,1944
47,frame_0000.jpeg,chicken,2391,1409,104,87,2592,1944
48,frame_0000.jpeg,chicken,2433,1417,147,77,2592,1944
49,frame_0000.jpeg,chicken,2440,1152,139,80,2592,1944
50,frame_0000.jpeg,chicken,2511,1135,146,68,2592,1944
51,frame_0000.jpeg,chicken,2546,1174,110,46,2592,1944
52,frame_0000.jpeg,chicken,2506,1426,89,77,2592,1944
53,frame_0000.jpeg,chicken,2497,1520,86,92,2592,1944
54,frame_0000.jpeg,chicken,2536,1604,55,50,2592,1944
55,frame_0000.jpeg,chicken,2467,919,141,72,2592,1944
56,frame_0000.jpeg,chicken,2526,941,96,65,2592,1944
57,frame_0000.jpeg,chicken,2375,793,127,84,2592,1944
58,frame_0000.jpeg,chicken,2486,689,122,68,2592,1944
59,frame_0000.jpeg,chicken,2423,584,84,100,2592,1944
60,frame_0000.jpeg,chicken,2432,522,109,91,2592,1944
61,frame_0000.jpeg,chicken,2549,406,90,43,2592,1944
62,frame_0000.jpeg,chicken,1437,983,159,118,2592,1944
63,frame_0000.jpeg,chicken,1377,1312,119,136,2592,1944
64,frame_0000.jpeg,chicken,1258,1315,132,104,2592,1944
65,frame_0000.jpeg,chicken,1348,1482,69,101,2592,1944
66,frame_0000.jpeg,chicken,1292,1495,111,110,2592,1944
67,frame_0000.jpeg,chicken,1297,1588,112,140,2592,1944
68,frame_0000.jpeg,chicken,1250,1782,95,143,2592,1944
69,frame_0000.jpeg,chicken,1076,1664,100,137,2592,1944
70,frame_0000.jpeg,chicken,1019,1586,92,148,2592,1944
71,frame_0000.jpeg,chicken,906,1541,96,96,2592,1944
72,frame_0000.jpeg,chicken,826,1473,88,99,2592,1944
73,frame_0000.jpeg,chicken,1122,1362,85,165,2592,1944
74,frame_0000.jpeg,chicken,1155,1482,54,119,2592,1944
75,frame_0000.jpeg,chicken,1078,1504,91,137,2592,1944
76,frame_0000.jpeg,chicken,1069,1237,111,156,2592,1944
77,frame_0000.jpeg,chicken,884,1215,125,160,2592,1944
78,frame_0000.jpeg,chicken,801,1304,98,139,2592,1944
79,frame_0000.jpeg,chicken,725,1678,141,132,2592,1944
80,frame_0000.jpeg,chicken,638,1463,142,105,2592,1944
81,frame_0000.jpeg,chicken,888,998,173,106,2592,1944
82,frame_0000.jpeg,chicken,1527,434,87,151,2592,1944
83,frame_0000.jpeg,chicken,1420,359,103,150,2592,1944
84,frame_0000.jpeg,chicken,1487,236,112,102,2592,1944
85,frame_0000.jpeg,chicken,1379,137,95,162,2592,1944
86,frame_0000.jpeg,chicken,1251,72,117,107,2592,1944
87,frame_0000.jpeg,chicken,1429,17,119,94,2592,1944
88,frame_0000.jpeg,chicken,1340,1,100,103,2592,1944
89,frame_0000.jpeg,chicken,1227,319,127,102,2592,1944
90,frame_0000.jpeg,chicken,542,1306,91,169,2592,1944
91,frame_0000.jpeg,chicken,1154,400,106,134,2592,1944
92,frame_0000.jpeg,chicken,1052,356,98,154,2592,1944
93,frame_0000.jpeg,chicken,1109,453,120,96,2592,1944
94,frame_0000.jpeg,chicken,916,263,144,105,2592,1944
95,frame_0000.jpeg,chicken,709,360,102,128,2592,1944
96,frame_0000.jpeg,chicken,914,520,121,147,2592,1944
97,frame_0000.jpeg,chicken,1240,596,93,122,2592,1944
98,frame_0000.jpeg,chicken,1512,647,100,128,2592,1944
99,frame_0000.jpeg,chicken,1375,675,123,131,2592,1944
100,frame_0000.jpeg,chicken,1498,680,133,96,2592,1944
101,frame_0000.jpeg,chicken,1230,809,125,94,2592,1944
102,frame_0000.jpeg,chicken,1073,913,100,168,2592,1944
103,frame_0000.jpeg,chicken,1125,802,160,116,2592,1944
104,frame_0000.jpeg,chicken,1108,1011,104,131,2592,1944
105,frame_0000.jpeg,chicken,1222,927,147,115,2592,1944
106,frame_0000.jpeg,chicken,427,408,93,127,2592,1944
107,frame_0000.jpeg,chicken,380,1605,111,113,2592,1944
108,frame_0000.jpeg,chicken,356,1475,102,121,2592,1944
109,frame_0000.jpeg,chicken,448,1139,141,132,2592,1944
110,frame_0000.jpeg,chicken,367,1159,75,98,2592,1944
111,frame_0000.jpeg,chicken,336,1037,116,127,2592,1944
112,frame_0000.jpeg,chicken,542,985,139,114,2592,1944
113,frame_0000.jpeg,chicken,623,754,123,152,2592,1944
114,frame_0000.jpeg,chicken,614,631,119,111,2592,1944
115,frame_0000.jpeg,chicken,698,548,151,97,2592,1944
116,frame_0000.jpeg,chicken,598,516,150,91,2592,1944
117,frame_0000.jpeg,chicken,528,517,139,78,2592,1944
118,frame_0000.jpeg,chicken,301,623,106,74,2592,1944
119,frame_0000.jpeg,chicken,448,616,108,110,2592,1944
120,frame_0000.jpeg,chicken,147,850,85,111,2592,1944
121,frame_0000.jpeg,chicken,260,1265,130,124,2592,1944
122,frame_0000.jpeg,chicken,25,601,100,112,2592,1944
123,frame_0000.jpeg,chicken,0,653,95,65,2592,1944
124,frame_0000.jpeg,chicken,111,1109,105,128,2592,1944
125,frame_0000.jpeg,chicken,103,1224,86,110,2592,1944
126,frame_0000.jpeg,chicken,68,1045,124,79,2592,1944
127,frame_0000.jpeg,chicken,42,1131,157,73,2592,1944
128,frame_0000.jpeg,chicken,0,1120,155,40,2592,1944
129,frame_0000.jpeg,chicken,73,1815,92,69,2592,1944
130,frame_0000.jpeg,chicken,137,1895,48,71,2592,1944
131,frame_0000.jpeg,chicken,2,1836,108,77,2592,1944
132,frame_0000.jpeg,chicken,204,1660,125,83,2592,1944
133,frame_0000.jpeg,chicken,0,1608,119,56,2592,1944
134,frame_0000.jpeg,chicken,148,1503,135,82,2592,1944
135,frame_0000.jpeg,chicken,218,1482,94,121,2592,1944
136,frame_0000.jpeg,chicken,106,1407,103,113,2592,1944
137,frame_0000.jpeg,chicken,209,1312,174,86,2592,1944
138,frame_0000.jpeg,chicken,311,321,129,108,2592,1944
139,frame_0000.jpeg,chicken,0,364,75,62,2592,1944
140,frame_0000.jpeg,chicken,161,291,123,62,2592,1944
141,frame_0000.jpeg,chicken,200,303,101,113,2592,1944
142,frame_0000.jpeg,chicken,114,280,110,68,2592,1944
143,frame_0000.jpeg,chicken,79,238,128,77,2592,1944
144,frame_0000.jpeg,chicken,211,116,80,93,2592,1944
145,frame_0000.jpeg,chicken,446,204,113,126,2592,1944
146,frame_0000.jpeg,chicken,356,216,75,118,2592,1944
147,frame_0000.jpeg,chicken,467,146,78,134,2592,1944
148,frame_0000.jpeg,chicken,446,90,121,81,2592,1944
149,frame_0000.jpeg,chicken,376,122,101,76,2592,1944
150,frame_0000.jpeg,chicken,298,80,93,81,2592,1944
151,frame_0000.jpeg,chicken,226,249,68,91,2592,1944
152,frame_0000.jpeg,chicken,166,212,79,106,2592,1944
153,frame_0000.jpeg,chicken,309,153,88,66,2592,1944
154,frame_0001.jpeg,chicken,1561,435,145,104,2592,1944
155,frame_0001.jpeg,chicken,1452,476,99,105,2592,1944
156,frame_0001.jpeg,chicken,1228,619,94,166,2592,1944
157,frame_0001.jpeg,chicken,1532,656,95,130,2592,1944
158,frame_0001.jpeg,chicken,1605,704,139,145,2592,1944
159,frame_0001.jpeg,chicken,1687,840,149,112,2592,1944
160,frame_0001.jpeg,chicken,1736,562,111,137,2592,1944
161,frame_0001.jpeg,chicken,1947,559,102,137,2592,1944
162,frame_0001.jpeg,chicken,1972,638,126,133,2592,1944
163,frame_0001.jpeg,chicken,2000,653,177,124,2592,1944
164,frame_0001.jpeg,chicken,2105,643,91,150,2592,1944
165,frame_0001.jpeg,chicken,1915,817,115,138,2592,1944
166,frame_0001.jpeg,chicken,1933,921,82,181,2592,1944
167,frame_0001.jpeg,chicken,1944,1001,93,149,2592,1944
168,frame_0001.jpeg,chicken,2230,656,76,160,2592,1944
169,frame_0001.jpeg,chicken,1831,302,134,100,2592,1944
170,frame_0001.jpeg,chicken,1982,1230,103,133,2592,1944
171,frame_0001.jpeg,chicken,2093,1155,157,79,2592,1944
172,frame_0001.jpeg,chicken,2159,1167,152,71,2592,1944
173,frame_0001.jpeg,chicken,2221,1230,77,117,2592,1944
174,frame_0001.jpeg,chicken,354,974,102,129,2592,1944
175,frame_0001.jpeg,chicken,296,1066,88,142,2592,1944
176,frame_0001.jpeg,chicken,891,623,138,97,2592,1944
177,frame_0001.jpeg,chicken,579,648,133,98,2592,1944
178,frame_0001.jpeg,chicken,592,604,85,139,2592,1944
179,frame_0001.jpeg,chicken,272,752,102,133,2592,1944
180,frame_0001.jpeg,chicken,168,682,96,129,2592,1944
181,frame_0001.jpeg,chicken,158,577,91,117,2592,1944
182,frame_0001.jpeg,chicken,6,603,73,104,2592,1944
183,frame_0001.jpeg,chicken,15,667,96,108,2592,1944
184,frame_0001.jpeg,chicken,0,826,111,59,2592,1944
185,frame_0001.jpeg,chicken,152,828,98,122,2592,1944
186,frame_0001.jpeg,chicken,2337,597,126,76,2592,1944
187,frame_0001.jpeg,chicken,2292,705,108,110,2592,1944
188,frame_0001.jpeg,chicken,998,940,117,174,2592,1944
189,frame_0001.jpeg,chicken,580,406,133,104,2592,1944
190,frame_0001.jpeg,chicken,560,498,85,98,2592,1944
191,frame_0001.jpeg,chicken,822,454,113,138,2592,1944
192,frame_0001.jpeg,chicken,1161,338,148,105,2592,1944
193,frame_0001.jpeg,chicken,1084,274,93,156,2592,1944
194,frame_0001.jpeg,chicken,1009,301,139,105,2592,1944
195,frame_0001.jpeg,chicken,900,268,124,116,2592,1944
196,frame_0001.jpeg,chicken,87,1424,94,118,2592,1944
197,frame_0001.jpeg,chicken,167,1254,126,82,2592,1944
198,frame_0001.jpeg,chicken,69,1181,101,127,2592,1944
199,frame_0001.jpeg,chicken,41,1148,127,92,2592,1944
200,frame_0001.jpeg,chicken,0,1166,114,38,2592,1944
201,frame_0001.jpeg,chicken,0,1748,74,80,2592,1944
202,frame_0001.jpeg,chicken,0,1826,74,56,2592,1944
203,frame_0001.jpeg,chicken,277,1320,87,115,2592,1944
204,frame_0001.jpeg,chicken,339,1177,124,107,2592,1944
205,frame_0001.jpeg,chicken,445,1492,144,97,2592,1944
206,frame_0001.jpeg,chicken,522,1486,119,133,2592,1944
207,frame_0001.jpeg,chicken,535,1646,121,103,2592,1944
208,frame_0001.jpeg,chicken,631,1685,114,116,2592,1944
209,frame_0001.jpeg,chicken,560,1359,72,142,2592,1944
210,frame_0001.jpeg,chicken,508,1245,87,174,2592,1944
211,frame_0001.jpeg,chicken,544,1114,134,105,2592,1944
212,frame_0001.jpeg,chicken,603,1043,141,128,2592,1944
213,frame_0001.jpeg,chicken,699,994,114,126,2592,1944
214,frame_0001.jpeg,chicken,416,1177,103,111,2592,1944
215,frame_0001.jpeg,chicken,449,1110,130,88,2592,1944
216,frame_0001.jpeg,chicken,699,1188,158,136,2592,1944
217,frame_0001.jpeg,chicken,720,1353,152,95,2592,1944
218,frame_0001.jpeg,chicken,838,1481,121,103,2592,1944
219,frame_0001.jpeg,chicken,790,1414,79,117,2592,1944
220,frame_0001.jpeg,chicken,780,1311,91,161,2592,1944
221,frame_0001.jpeg,chicken,845,1223,126,151,2592,1944
222,frame_0001.jpeg,chicken,933,1182,160,106,2592,1944
223,frame_0001.jpeg,chicken,1036,1165,181,97,2592,1944
224,frame_0001.jpeg,chicken,1110,1296,93,176,2592,1944
225,frame_0001.jpeg,chicken,1119,1378,70,186,2592,1944
226,frame_0001.jpeg,chicken,933,1546,135,92,2592,1944
227,frame_0001.jpeg,chicken,1036,1548,121,109,2592,1944
228,frame_0001.jpeg,chicken,1074,1498,78,129,2592,1944
229,frame_0001.jpeg,chicken,1200,1561,113,160,2592,1944
230,frame_0001.jpeg,chicken,1356,1831,98,158,2592,1944
231,frame_0001.jpeg,chicken,1784,1783,111,134,2592,1944
232,frame_0001.jpeg,chicken,2083,1755,89,127,2592,1944
233,frame_0001.jpeg,chicken,2303,1772,85,93,2592,1944
234,frame_0001.jpeg,chicken,2355,1871,73,104,2592,1944
235,frame_0001.jpeg,chicken,2459,1839,62,69,2592,1944
236,frame_0001.jpeg,chicken,1406,1495,114,144,2592,1944
237,frame_0001.jpeg,chicken,1514,1516,161,91,2592,1944
238,frame_0001.jpeg,chicken,1606,1520,116,121,2592,1944
239,frame_0001.jpeg,chicken,1683,1472,88,149,2592,1944
240,frame_0001.jpeg,chicken,1355,1482,62,135,2592,1944
241,frame_0001.jpeg,chicken,1346,1376,73,190,2592,1944
242,frame_0001.jpeg,chicken,1383,1284,105,170,2592,1944
243,frame_0001.jpeg,chicken,1436,1218,127,148,2592,1944
244,frame_0001.jpeg,chicken,1287,1231,164,116,2592,1944
245,frame_0001.jpeg,chicken,1659,1247,99,153,2592,1944
246,frame_0001.jpeg,chicken,1696,1302,86,166,2592,1944
247,frame_0001.jpeg,chicken,1590,1197,137,125,2592,1944
248,frame_0001.jpeg,chicken,1585,1110,100,156,2592,1944
249,frame_0001.jpeg,chicken,2192,1304,80,127,2592,1944
250,frame_0001.jpeg,chicken,1913,1356,71,152,2592,1944
251,frame_0001.jpeg,chicken,1946,1456,114,129,2592,1944
252,frame_0001.jpeg,chicken,2098,1479,134,66,2592,1944
253,frame_0001.jpeg,chicken,2041,1472,144,81,2592,1944
254,frame_0001.jpeg,chicken,2170,1450,124,78,2592,1944
255,frame_0001.jpeg,chicken,2210,1377,121,79,2592,1944
256,frame_0001.jpeg,chicken,2553,1810,73,39,2592,1944
257,frame_0001.jpeg,chicken,2421,1662,74,116,2592,1944
258,frame_0001.jpeg,chicken,2480,1741,90,78,2592,1944
259,frame_0001.jpeg,chicken,2404,1721,93,85,2592,1944
260,frame_0001.jpeg,chicken,2431,991,90,120,2592,1944
261,frame_0001.jpeg,chicken,2441,1197,97,71,2592,1944
262,frame_0001.jpeg,chicken,2399,1229,96,91,2592,1944
263,frame_0001.jpeg,chicken,2520,1149,133,63,2592,1944
264,frame_0001.jpeg,chicken,2382,1336,94,97,2592,1944
265,frame_0001.jpeg,chicken,2349,1410,127,130,2592,1944
266,frame_0001.jpeg,chicken,2441,1420,134,64,2592,1944
267,frame_0001.jpeg,chicken,2483,1443,124,53,2592,1944
268,frame_0001.jpeg,chicken,2537,1507,68,55,2592,1944
269,frame_0001.jpeg,chicken,485,238,76,100,2592,1944
270,frame_0001.jpeg,chicken,472,307,95,148,2592,1944
271,frame_0001.jpeg,chicken,361,317,151,119,2592,1944
272,frame_0001.jpeg,chicken,256,430,83,133,2592,1944
273,frame_0001.jpeg,chicken,185,381,103,134,2592,1944
274,frame_0001.jpeg,chicken,256,278,92,107,2592,1944
275,frame_0001.jpeg,chicken,153,278,124,88,2592,1944
276,frame_0001.jpeg,chicken,0,286,97,45,2592,1944
277,frame_0001.jpeg,chicken,96,286,105,93,2592,1944
278,frame_0001.jpeg,chicken,78,170,135,76,2592,1944
279,frame_0001.jpeg,chicken,139,178,77,119,2592,1944
280,frame_0001.jpeg,chicken,177,205,82,119,2592,1944
281,frame_0001.jpeg,chicken,89,85,77,88,2592,1944
282,frame_0001.jpeg,chicken,257,20,81,76,2592,1944
283,frame_0001.jpeg,chicken,345,0,88,82,2592,1944
284,frame_0001.jpeg,chicken,363,64,69,109,2592,1944
285,frame_0001.jpeg,chicken,464,57,82,85,2592,1944
286,frame_0001.jpeg,chicken,344,113,119,79,2592,1944
287,frame_0001.jpeg,chicken,405,104,108,68,2592,1944
288,frame_0001.jpeg,chicken,465,132,93,122,2592,1944
289,frame_0001.jpeg,chicken,396,202,115,91,2592,1944
290,frame_0001.jpeg,chicken,1123,42,87,131,2592,1944
291,frame_0001.jpeg,chicken,1248,22,118,108,2592,1944
292,frame_0001.jpeg,chicken,1324,0,109,101,2592,1944
293,frame_0001.jpeg,chicken,1396,100,113,121,2592,1944
294,frame_0001.jpeg,chicken,1486,131,116,93,2592,1944
295,frame_0001.jpeg,chicken,1281,125,124,105,2592,1944
296,frame_0001.jpeg,chicken,1417,247,99,127,2592,1944
297,frame_0001.jpeg,chicken,1543,168,137,99,2592,1944
298,frame_0001.jpeg,chicken,1640,201,133,93,2592,1944
299,frame_0001.jpeg,chicken,1580,133,93,123,2592,1944
300,frame_0001.jpeg,chicken,1743,109,117,94,2592,1944
301,frame_0001.jpeg,chicken,1840,149,93,89,2592,1944
302,frame_0001.jpeg,chicken,1933,208,115,73,2592,1944
303,frame_0001.jpeg,chicken,1795,213,83,120,2592,1944
304,frame_0001.jpeg,chicken,2031,0,62,71,2592,1944
305,frame_0001.jpeg,chicken,2058,103,86,92,2592,1944
306,frame_0001.jpeg,chicken,2092,206,105,83,2592,1944
307,frame_0001.jpeg,chicken,2155,275,79,117,2592,1944
308,frame_0001.jpeg,chicken,2242,108,86,79,2592,1944
309,frame_0001.jpeg,chicken,2312,124,100,65,2592,1944
310,frame_0001.jpeg,chicken,2275,161,100,75,2592,1944
311,frame_0001.jpeg,chicken,2348,0,53,99,2592,1944
312,frame_0001.jpeg,chicken,2484,369,83,93,2592,1944
313,frame_0001.jpeg,chicken,2570,598,75,22,2592,1944
314,frame_0001.jpeg,chicken,2510,562,146,66,2592,1944
315,frame_0001.jpeg,chicken,2414,600,61,111,2592,1944
316,frame_0001.jpeg,chicken,2205,367,98,75,2592,1944
317,frame_0001.jpeg,chicken,2207,450,89,99,2592,1944
318,frame_0001.jpeg,chicken,2290,436,99,120,2592,1944
319,frame_0001.jpeg,chicken,2266,484,76,113,2592,1944
320,frame_0001.jpeg,chicken,2265,549,88,83,2592,1944
321,frame_0002.jpeg,chicken,855,460,111,106,2592,1944
322,frame_0002.jpeg,chicken,1711,73,105,132,2592,1944
323,frame_0002.jpeg,chicken,1741,173,137,105,2592,1944
324,frame_0002.jpeg,chicken,1659,1248,96,164,2592,1944
325,frame_0002.jpeg,chicken,1725,322,123,105,2592,1944
326,frame_0002.jpeg,chicken,1712,439,113,114,2592,1944
327,frame_0002.jpeg,chicken,1581,410,143,125,2592,1944
328,frame_0002.jpeg,chicken,1579,542,125,109,2592,1944
329,frame_0002.jpeg,chicken,1533,655,99,133,2592,1944
330,frame_0002.jpeg,chicken,1873,737,160,115,2592,1944
331,frame_0002.jpeg,chicken,2005,678,109,134,2592,1944
332,frame_0002.jpeg,chicken,2009,581,103,133,2592,1944
333,frame_0002.jpeg,chicken,2140,547,120,89,2592,1944
334,frame_0002.jpeg,chicken,2183,652,133,123,2592,1944
335,frame_0002.jpeg,chicken,2302,669,138,96,2592,1944
336,frame_0002.jpeg,chicken,2336,588,61,93,2592,1944
337,frame_0002.jpeg,chicken,2466,699,85,112,2592,1944
338,frame_0002.jpeg,chicken,2557,771,93,35,2592,1944
339,frame_0002.jpeg,chicken,2447,448,122,93,2592,1944
340,frame_0002.jpeg,chicken,2025,949,113,141,2592,1944
341,frame_0002.jpeg,chicken,2096,1047,111,84,2592,1944
342,frame_0002.jpeg,chicken,2047,1156,91,140,2592,1944
343,frame_0002.jpeg,chicken,2000,1206,142,89,2592,1944
344,frame_0002.jpeg,chicken,2273,437,86,122,2592,1944
345,frame_0002.jpeg,chicken,2279,351,90,91,2592,1944
346,frame_0002.jpeg,chicken,2243,165,107,78,2592,1944
347,frame_0002.jpeg,chicken,2320,126,70,101,2592,1944
348,frame_0002.jpeg,chicken,2314,175,80,87,2592,1944
349,frame_0002.jpeg,chicken,2226,78,83,93,2592,1944
350,frame_0002.jpeg,chicken,1690,1308,90,163,2592,1944
351,frame_0002.jpeg,chicken,1700,1468,59,152,2592,1944
352,frame_0002.jpeg,chicken,1610,1516,134,113,2592,1944
353,frame_0002.jpeg,chicken,1562,1578,162,90,2592,1944
354,frame_0002.jpeg,chicken,1480,1527,155,111,2592,1944
355,frame_0002.jpeg,chicken,1125,592,149,110,2592,1944
356,frame_0002.jpeg,chicken,982,0,122,134,2592,1944
357,frame_0002.jpeg,chicken,172,0,62,94,2592,1944
358,frame_0002.jpeg,chicken,107,234,107,106,2592,1944
359,frame_0002.jpeg,chicken,207,370,99,115,2592,1944
360,frame_0002.jpeg,chicken,341,479,117,126,2592,1944
361,frame_0002.jpeg,chicken,450,561,111,94,2592,1944
362,frame_0002.jpeg,chicken,213,570,105,119,2592,1944
363,frame_0002.jpeg,chicken,139,653,115,98,2592,1944
364,frame_0002.jpeg,chicken,321,719,147,140,2592,1944
365,frame_0002.jpeg,chicken,765,679,189,124,2592,1944
366,frame_0002.jpeg,chicken,913,795,140,132,2592,1944
367,frame_0002.jpeg,chicken,2126,1167,147,100,2592,1944
368,frame_0002.jpeg,chicken,2165,1202,120,126,2592,1944
369,frame_0002.jpeg,chicken,1939,1337,89,122,2592,1944
370,frame_0002.jpeg,chicken,1947,1456,92,133,2592,1944
371,frame_0002.jpeg,chicken,2017,1495,136,111,2592,1944
372,frame_0002.jpeg,chicken,2118,1480,113,85,2592,1944
373,frame_0002.jpeg,chicken,2159,1452,89,137,2592,1944
374,frame_0002.jpeg,chicken,1603,1159,175,92,2592,1944
375,frame_0002.jpeg,chicken,1476,1199,154,113,2592,1944
376,frame_0002.jpeg,chicken,1368,1318,131,111,2592,1944
377,frame_0002.jpeg,chicken,1461,1740,104,130,2592,1944
378,frame_0002.jpeg,chicken,1676,1701,138,96,2592,1944
379,frame_0002.jpeg,chicken,1765,1673,141,104,2592,1944
380,frame_0002.jpeg,chicken,2059,1718,93,123,2592,1944
381,frame_0002.jpeg,chicken,2193,1878,66,97,2592,1944
382,frame_0002.jpeg,chicken,2343,1848,96,94,2592,1944
383,frame_0002.jpeg,chicken,2434,1868,66,94,2592,1944
384,frame_0002.jpeg,chicken,2471,1782,87,100,2592,1944
385,frame_0002.jpeg,chicken,2374,1601,111,94,2592,1944
386,frame_0002.jpeg,chicken,2484,1527,105,77,2592,1944
387,frame_0002.jpeg,chicken,2208,1267,112,121,2592,1944
388,frame_0002.jpeg,chicken,2251,1355,91,89,2592,1944
389,frame_0002.jpeg,chicken,686,1109,109,128,2592,1944
390,frame_0002.jpeg,chicken,863,1096,91,152,2592,1944
391,frame_0002.jpeg,chicken,2332,1090,86,121,2592,1944
392,frame_0002.jpeg,chicken,2412,1056,89,114,2592,1944
393,frame_0002.jpeg,chicken,2510,1020,94,82,2592,1944
394,frame_0002.jpeg,chicken,2421,1202,111,101,2592,1944
395,frame_0002.jpeg,chicken,2511,1422,92,70,2592,1944
396,frame_0002.jpeg,chicken,2415,1409,145,69,2592,1944
397,frame_0002.jpeg,chicken,2469,1419,139,50,2592,1944
398,frame_0002.jpeg,chicken,2546,1496,82,46,2592,1944
399,frame_0002.jpeg,chicken,2509,1130,150,70,2592,1944
400,frame_0002.jpeg,chicken,2545,1159,128,47,2592,1944
401,frame_0002.jpeg,chicken,2367,1299,88,111,2592,1944
402,frame_0002.jpeg,chicken,600,1666,90,144,2592,1944
403,frame_0002.jpeg,chicken,728,1698,167,88,2592,1944
404,frame_0002.jpeg,chicken,835,1595,100,93,2592,1944
405,frame_0002.jpeg,chicken,542,1243,118,138,2592,1944
406,frame_0002.jpeg,chicken,490,1164,161,90,2592,1944
407,frame_0002.jpeg,chicken,406,1151,160,87,2592,1944
408,frame_0002.jpeg,chicken,337,1082,134,90,2592,1944
409,frame_0002.jpeg,chicken,368,1220,111,69,2592,1944
410,frame_0002.jpeg,chicken,286,1159,116,109,2592,1944
411,frame_0002.jpeg,chicken,179,1158,150,90,2592,1944
412,frame_0002.jpeg,chicken,39,1129,138,72,2592,1944
413,frame_0002.jpeg,chicken,0,1158,113,64,2592,1944
414,frame_0002.jpeg,chicken,149,1347,119,75,2592,1944
415,frame_0002.jpeg,chicken,56,1449,99,77,2592,1944
416,frame_0002.jpeg,chicken,24,1582,127,93,2592,1944
417,frame_0002.jpeg,chicken,27,1703,99,107,2592,1944
418,frame_0002.jpeg,chicken,67,1836,105,69,2592,1944
419,frame_0002.jpeg,chicken,0,1802,107,73,2592,1944
420,frame_0002.jpeg,chicken,317,1382,92,101,2592,1944
421,frame_0002.jpeg,chicken,321,1596,109,123,2592,1944
422,frame_0002.jpeg,chicken,478,1511,146,90,2592,1944
423,frame_0002.jpeg,chicken,401,1478,144,75,2592,1944
424,frame_0002.jpeg,chicken,340,1475,121,69,2592,1944
425,frame_0002.jpeg,chicken,530,1476,112,158,2592,1944
426,frame_0002.jpeg,chicken,738,1294,77,118,2592,1944
427,frame_0002.jpeg,chicken,702,1470,98,86,2592,1944
428,frame_0002.jpeg,chicken,778,1368,128,149,2592,1944
429,frame_0002.jpeg,chicken,853,1497,91,124,2592,1944
430,frame_0002.jpeg,chicken,934,1547,138,88,2592,1944
431,frame_0002.jpeg,chicken,1022,1542,131,95,2592,1944
432,frame_0002.jpeg,chicken,1086,1521,131,100,2592,1944
433,frame_0002.jpeg,chicken,1067,1219,127,164,2592,1944
434,frame_0002.jpeg,chicken,984,1145,163,91,2592,1944
435,frame_0002.jpeg,chicken,1107,1483,80,154,2592,1944
436,frame_0002.jpeg,chicken,1124,1414,34,168,2592,1944
437,frame_0002.jpeg,chicken,1111,1333,82,170,2592,1944
438,frame_0002.jpeg,chicken,801,1265,114,138,2592,1944
439,frame_0002.jpeg,chicken,913,1180,178,89,2592,1944
440,frame_0002.jpeg,chicken,809,1166,120,110,2592,1944
441,frame_0003.jpeg,chicken,1651,1228,111,132,2592,1944
442,frame_0003.jpeg,chicken,1450,1219,135,136,2592,1944
443,frame_0003.jpeg,chicken,1391,1280,108,129,2592,1944
444,frame_0003.jpeg,chicken,1308,1262,157,103,2592,1944
445,frame_0003.jpeg,chicken,1386,1406,125,138,2592,1944
446,frame_0003.jpeg,chicken,1423,1511,85,168,2592,1944
447,frame_0003.jpeg,chicken,1545,1519,157,95,2592,1944
448,frame_0003.jpeg,chicken,1690,1704,103,119,2592,1944
449,frame_0003.jpeg,chicken,1819,1536,85,127,2592,1944
450,frame_0003.jpeg,chicken,1726,1511,92,107,2592,1944
451,frame_0003.jpeg,chicken,1688,1424,89,165,2592,1944
452,frame_0003.jpeg,chicken,1761,1313,124,84,2592,1944
453,frame_0003.jpeg,chicken,829,411,123,124,2592,1944
454,frame_0003.jpeg,chicken,861,649,168,95,2592,1944
455,frame_0003.jpeg,chicken,1013,776,92,173,2592,1944
456,frame_0003.jpeg,chicken,991,914,132,139,2592,1944
457,frame_0003.jpeg,chicken,1052,1146,132,119,2592,1944
458,frame_0003.jpeg,chicken,955,1127,180,103,2592,1944
459,frame_0003.jpeg,chicken,827,1240,172,116,2592,1944
460,frame_0003.jpeg,chicken,688,949,141,109,2592,1944
461,frame_0003.jpeg,chicken,543,994,99,142,2592,1944
462,frame_0003.jpeg,chicken,604,1076,96,162,2592,1944
463,frame_0003.jpeg,chicken,748,1389,51,160,2592,1944
464,frame_0003.jpeg,chicken,812,1480,92,121,2592,1944
465,frame_0003.jpeg,chicken,1010,1616,109,174,2592,1944
466,frame_0003.jpeg,chicken,946,1544,103,78,2592,1944
467,frame_0003.jpeg,chicken,1019,1547,110,83,2592,1944
468,frame_0003.jpeg,chicken,1072,1510,99,144,2592,1944
469,frame_0003.jpeg,chicken,1236,1483,132,106,2592,1944
470,frame_0003.jpeg,chicken,1123,1391,58,159,2592,1944
471,frame_0003.jpeg,chicken,1094,1483,74,179,2592,1944
472,frame_0003.jpeg,chicken,1101,513,158,98,2592,1944
473,frame_0003.jpeg,chicken,1242,604,148,105,2592,1944
474,frame_0003.jpeg,chicken,1260,455,115,108,2592,1944
475,frame_0003.jpeg,chicken,529,1144,155,91,2592,1944
476,frame_0003.jpeg,chicken,445,1140,141,95,2592,1944
477,frame_0003.jpeg,chicken,315,1090,101,132,2592,1944
478,frame_0003.jpeg,chicken,375,1187,88,82,2592,1944
479,frame_0003.jpeg,chicken,315,1231,93,124,2592,1944
480,frame_0003.jpeg,chicken,258,1330,76,120,2592,1944
481,frame_0003.jpeg,chicken,240,1430,84,132,2592,1944
482,frame_0003.jpeg,chicken,416,1505,137,76,2592,1944
483,frame_0003.jpeg,chicken,298,1614,124,124,2592,1944
484,frame_0003.jpeg,chicken,458,1592,113,122,2592,1944
485,frame_0003.jpeg,chicken,519,1475,142,115,2592,1944
486,frame_0003.jpeg,chicken,557,1456,97,163,2592,1944
487,frame_0003.jpeg,chicken,566,1398,33,134,2592,1944
488,frame_0003.jpeg,chicken,84,1181,120,99,2592,1944
489,frame_0003.jpeg,chicken,62,1430,123,95,2592,1944
490,frame_0003.jpeg,chicken,19,1418,138,64,2592,1944
491,frame_0003.jpeg,chicken,29,1696,101,107,2592,1944
492,frame_0003.jpeg,chicken,57,1658,97,126,2592,1944
493,frame_0003.jpeg,chicken,44,1819,82,109,2592,1944
494,frame_0003.jpeg,chicken,157,1898,46,106,2592,1944
495,frame_0003.jpeg,chicken,30,1897,47,118,2592,1944
496,frame_0003.jpeg,chicken,447,308,94,140,2592,1944
497,frame_0003.jpeg,chicken,60,648,116,121,2592,1944
498,frame_0003.jpeg,chicken,165,636,76,78,2592,1944
499,frame_0003.jpeg,chicken,315,518,142,106,2592,1944
500,frame_0003.jpeg,chicken,194,447,106,109,2592,1944
501,frame_0003.jpeg,chicken,159,346,99,108,2592,1944
502,frame_0003.jpeg,chicken,90,351,126,73,2592,1944
503,frame_0003.jpeg,chicken,19,299,93,108,2592,1944
504,frame_0003.jpeg,chicken,120,207,111,73,2592,1944
505,frame_0003.jpeg,chicken,59,159,105,87,2592,1944
506,frame_0003.jpeg,chicken,171,0,56,117,2592,1944
507,frame_0003.jpeg,chicken,457,134,94,118,2592,1944
508,frame_0003.jpeg,chicken,379,99,114,128,2592,1944
509,frame_0003.jpeg,chicken,1230,257,122,116,2592,1944
510,frame_0003.jpeg,chicken,1138,219,138,96,2592,1944
511,frame_0003.jpeg,chicken,1078,251,142,102,2592,1944
512,frame_0003.jpeg,chicken,1096,134,105,115,2592,1944
513,frame_0003.jpeg,chicken,1360,427,107,131,2592,1944
514,frame_0003.jpeg,chicken,1460,269,133,108,2592,1944
515,frame_0003.jpeg,chicken,1583,319,117,99,2592,1944
516,frame_0003.jpeg,chicken,1516,167,103,152,2592,1944
517,frame_0003.jpeg,chicken,1545,671,100,124,2592,1944
518,frame_0003.jpeg,chicken,1600,604,96,105,2592,1944
519,frame_0003.jpeg,chicken,1511,604,105,97,2592,1944
520,frame_0003.jpeg,chicken,1390,527,99,112,2592,1944
521,frame_0003.jpeg,chicken,1520,421,145,175,2592,1944
522,frame_0003.jpeg,chicken,1579,433,79,168,2592,1944
523,frame_0003.jpeg,chicken,1731,70,127,106,2592,1944
524,frame_0003.jpeg,chicken,1719,8,71,114,2592,1944
525,frame_0003.jpeg,chicken,1630,41,122,85,2592,1944
526,frame_0003.jpeg,chicken,1597,0,57,103,2592,1944
527,frame_0003.jpeg,chicken,1786,634,115,141,2592,1944
528,frame_0003.jpeg,chicken,1875,686,116,149,2592,1944
529,frame_0003.jpeg,chicken,1914,559,98,106,2592,1944
530,frame_0003.jpeg,chicken,1815,512,87,116,2592,1944
531,frame_0003.jpeg,chicken,1904,393,129,102,2592,1944
532,frame_0003.jpeg,chicken,2097,526,87,103,2592,1944
533,frame_0003.jpeg,chicken,2110,679,135,132,2592,1944
534,frame_0003.jpeg,chicken,2182,993,105,135,2592,1944
535,frame_0003.jpeg,chicken,2309,944,135,80,2592,1944
536,frame_0003.jpeg,chicken,2319,1071,83,132,2592,1944
537,frame_0003.jpeg,chicken,2267,689,123,127,2592,1944
538,frame_0003.jpeg,chicken,1977,1210,103,141,2592,1944
539,frame_0003.jpeg,chicken,2114,1194,127,84,2592,1944
540,frame_0003.jpeg,chicken,2233,1229,113,110,2592,1944
541,frame_0003.jpeg,chicken,2351,1181,149,97,2592,1944
542,frame_0003.jpeg,chicken,2402,1259,73,96,2592,1944
543,frame_0003.jpeg,chicken,2445,1164,130,73,2592,1944
544,frame_0003.jpeg,chicken,2499,1144,139,58,2592,1944
545,frame_0003.jpeg,chicken,2545,1157,133,47,2592,1944
546,frame_0003.jpeg,chicken,2075,1502,152,84,2592,1944
547,frame_0003.jpeg,chicken,2155,1450,140,97,2592,1944
548,frame_0003.jpeg,chicken,2179,1562,125,78,2592,1944
549,frame_0003.jpeg,chicken,2316,1467,139,75,2592,1944
550,frame_0003.jpeg,chicken,2282,556,90,108,2592,1944
551,frame_0003.jpeg,chicken,2534,1398,80,58,2592,1944
552,frame_0003.jpeg,chicken,2500,1425,110,53,2592,1944
553,frame_0003.jpeg,chicken,2460,1427,116,51,2592,1944
554,frame_0003.jpeg,chicken,2380,1411,64,89,2592,1944
555,frame_0003.jpeg,chicken,2402,1409,135,80,2592,1944
556,frame_0003.jpeg,chicken,2411,1542,73,75,2592,1944
557,frame_0003.jpeg,chicken,1955,1920,24,39,2592,1944
558,frame_0003.jpeg,chicken,2048,1899,45,99,2592,1944
559,frame_0003.jpeg,chicken,2159,1906,38,87,2592,1944
560,frame_0003.jpeg,chicken,2376,1843,101,70,2592,1944
561,frame_0003.jpeg,chicken,2179,448,91,95,2592,1944
562,frame_0003.jpeg,chicken,2168,359,99,103,2592,1944
563,frame_0003.jpeg,chicken,2101,163,138,74,2592,1944
564,frame_0003.jpeg,chicken,2172,121,118,80,2592,1944
565,frame_0003.jpeg,chicken,2232,98,92,97,2592,1944
566,frame_0003.jpeg,chicken,2250,177,97,82,2592,1944
567,frame_0003.jpeg,chicken,2326,40,73,67,2592,1944
568,frame_0003.jpeg,chicken,2374,140,70,120,2592,1944
569,frame_0003.jpeg,chicken,2337,256,88,89,2592,1944
570,frame_0003.jpeg,chicken,2458,299,106,69,2592,1944
571,frame_0003.jpeg,chicken,2466,406,82,99,2592,1944
572,frame_0003.jpeg,chicken,2338,428,77,123,2592,1944
573,frame_0003.jpeg,chicken,2449,465,105,91,2592,1944
574,frame_0003.jpeg,chicken,2538,541,84,54,2592,1944
575,frame_0003.jpeg,chicken,2532,626,50,60,2592,1944
576,frame_0003.jpeg,chicken,2449,575,93,82,2592,1944
577,frame_0003.jpeg,chicken,2390,673,77,122,2592,1944
578,frame_0003.jpeg,chicken,2388,598,58,61,2592,1944
579,frame_0004.jpeg,chicken,1856,56,82,126,2592,1944
580,frame_0004.jpeg,chicken,1482,0,94,108,2592,1944
581,frame_0004.jpeg,chicken,1643,0,84,92,2592,1944
582,frame_0004.jpeg,chicken,1667,49,126,107,2592,1944
583,frame_0004.jpeg,chicken,2166,116,120,107,2592,1944
584,frame_0004.jpeg,chicken,2255,148,123,71,2592,1944
585,frame_0004.jpeg,chicken,2384,216,97,75,2592,1944
586,frame_0004.jpeg,chicken,2319,0,43,60,2592,1944
587,frame_0004.jpeg,chicken,2413,321,83,109,2592,1944
588,frame_0004.jpeg,chicken,1071,996,124,143,2592,1944
589,frame_0004.jpeg,chicken,410,1078,101,149,2592,1944
590,frame_0004.jpeg,chicken,1455,609,162,113,2592,1944
591,frame_0004.jpeg,chicken,1555,675,92,128,2592,1944
592,frame_0004.jpeg,chicken,1609,599,100,156,2592,1944
593,frame_0004.jpeg,chicken,1522,473,99,123,2592,1944
594,frame_0004.jpeg,chicken,1821,807,148,132,2592,1944
595,frame_0004.jpeg,chicken,1791,470,122,128,2592,1944
596,frame_0004.jpeg,chicken,1719,455,129,93,2592,1944
597,frame_0004.jpeg,chicken,1630,414,125,118,2592,1944
598,frame_0004.jpeg,chicken,1692,323,102,116,2592,1944
599,frame_0004.jpeg,chicken,1542,377,99,110,2592,1944
600,frame_0004.jpeg,chicken,1523,306,95,149,2592,1944
601,frame_0004.jpeg,chicken,1024,0,37,111,2592,1944
602,frame_0004.jpeg,chicken,1241,107,119,116,2592,1944
603,frame_0004.jpeg,chicken,1294,234,151,108,2592,1944
604,frame_0004.jpeg,chicken,1169,242,101,143,2592,1944
605,frame_0004.jpeg,chicken,1171,156,111,110,2592,1944
606,frame_0004.jpeg,chicken,1081,138,88,130,2592,1944
607,frame_0004.jpeg,chicken,1056,268,137,112,2592,1944
608,frame_0004.jpeg,chicken,1017,416,97,162,2592,1944
609,frame_0004.jpeg,chicken,1041,482,81,165,2592,1944
610,frame_0004.jpeg,chicken,1098,587,140,128,2592,1944
611,frame_0004.jpeg,chicken,938,589,94,141,2592,1944
612,frame_0004.jpeg,chicken,771,591,97,134,2592,1944
613,frame_0004.jpeg,chicken,687,497,76,140,2592,1944
614,frame_0004.jpeg,chicken,515,517,62,158,2592,1944
615,frame_0004.jpeg,chicken,477,611,117,101,2592,1944
616,frame_0004.jpeg,chicken,355,614,119,138,2592,1944
617,frame_0004.jpeg,chicken,655,598,168,127,2592,1944
618,frame_0004.jpeg,chicken,231,634,113,121,2592,1944
619,frame_0004.jpeg,chicken,0,679,65,25,2592,1944
620,frame_0004.jpeg,chicken,56,658,123,112,2592,1944
621,frame_0004.jpeg,chicken,86,649,78,123,2592,1944
622,frame_0004.jpeg,chicken,353,433,110,119,2592,1944
623,frame_0004.jpeg,chicken,434,308,95,134,2592,1944
624,frame_0004.jpeg,chicken,558,288,137,85,2592,1944
625,frame_0004.jpeg,chicken,619,0,21,57,2592,1944
626,frame_0004.jpeg,chicken,384,79,97,143,2592,1944
627,frame_0004.jpeg,chicken,295,119,110,94,2592,1944
628,frame_0004.jpeg,chicken,232,143,132,73,2592,1944
629,frame_0004.jpeg,chicken,287,0,28,81,2592,1944
630,frame_0004.jpeg,chicken,220,0,50,67,2592,1944
631,frame_0004.jpeg,chicken,81,561,58,135,2592,1944
632,frame_0004.jpeg,chicken,121,494,82,98,2592,1944
633,frame_0004.jpeg,chicken,174,947,102,134,2592,1944
634,frame_0004.jpeg,chicken,128,839,145,80,2592,1944
635,frame_0004.jpeg,chicken,217,427,86,123,2592,1944
636,frame_0004.jpeg,chicken,216,373,96,80,2592,1944
637,frame_0004.jpeg,chicken,138,254,94,113,2592,1944
638,frame_0004.jpeg,chicken,241,338,87,120,2592,1944
639,frame_0004.jpeg,chicken,225,268,79,115,2592,1944
640,frame_0004.jpeg,chicken,27,271,98,71,2592,1944
641,frame_0004.jpeg,chicken,46,140,111,103,2592,1944
642,frame_0004.jpeg,chicken,88,240,98,85,2592,1944
643,frame_0004.jpeg,chicken,76,179,98,98,2592,1944
644,frame_0004.jpeg,chicken,0,1164,109,68,2592,1944
645,frame_0004.jpeg,chicken,66,1139,143,77,2592,1944
646,frame_0004.jpeg,chicken,2172,386,124,81,2592,1944
647,frame_0004.jpeg,chicken,2223,472,129,78,2592,1944
648,frame_0004.jpeg,chicken,2267,507,125,74,2592,1944
649,frame_0004.jpeg,chicken,2351,406,127,72,2592,1944
650,frame_0004.jpeg,chicken,2331,512,113,67,2592,1944
651,frame_0004.jpeg,chicken,2300,441,83,77,2592,1944
652,frame_0004.jpeg,chicken,302,1210,118,130,2592,1944
653,frame_0004.jpeg,chicken,146,1209,146,84,2592,1944
654,frame_0004.jpeg,chicken,207,1282,111,88,2592,1944
655,frame_0004.jpeg,chicken,582,1259,95,155,2592,1944
656,frame_0004.jpeg,chicken,604,1354,79,126,2592,1944
657,frame_0004.jpeg,chicken,562,1457,62,142,2592,1944
658,frame_0004.jpeg,chicken,452,1512,125,101,2592,1944
659,frame_0004.jpeg,chicken,328,1477,137,109,2592,1944
660,frame_0004.jpeg,chicken,169,1421,106,82,2592,1944
661,frame_0004.jpeg,chicken,0,1444,105,26,2592,1944
662,frame_0004.jpeg,chicken,29,1434,130,62,2592,1944
663,frame_0004.jpeg,chicken,86,1433,148,78,2592,1944
664,frame_0004.jpeg,chicken,291,1703,105,91,2592,1944
665,frame_0004.jpeg,chicken,225,1831,113,96,2592,1944
666,frame_0004.jpeg,chicken,162,1886,58,69,2592,1944
667,frame_0004.jpeg,chicken,0,1801,80,65,2592,1944
668,frame_0004.jpeg,chicken,472,1770,96,186,2592,1944
669,frame_0004.jpeg,chicken,539,1867,71,90,2592,1944
670,frame_0004.jpeg,chicken,737,1528,140,107,2592,1944
671,frame_0004.jpeg,chicken,782,1472,70,124,2592,1944
672,frame_0004.jpeg,chicken,777,1337,94,147,2592,1944
673,frame_0004.jpeg,chicken,881,1503,140,93,2592,1944
674,frame_0004.jpeg,chicken,953,1547,133,88,2592,1944
675,frame_0004.jpeg,chicken,1136,1677,105,169,2592,1944
676,frame_0004.jpeg,chicken,1294,1718,135,102,2592,1944
677,frame_0004.jpeg,chicken,1153,1484,70,118,2592,1944
678,frame_0004.jpeg,chicken,1122,1365,84,182,2592,1944
679,frame_0004.jpeg,chicken,869,1204,162,91,2592,1944
680,frame_0004.jpeg,chicken,1013,1181,154,120,2592,1944
681,frame_0004.jpeg,chicken,938,1180,176,89,2592,1944
682,frame_0004.jpeg,chicken,1096,1227,154,115,2592,1944
683,frame_0004.jpeg,chicken,1172,1263,108,96,2592,1944
684,frame_0004.jpeg,chicken,1404,1565,101,148,2592,1944
685,frame_0004.jpeg,chicken,1633,1515,159,86,2592,1944
686,frame_0004.jpeg,chicken,1400,1420,164,97,2592,1944
687,frame_0004.jpeg,chicken,1675,1473,112,108,2592,1944
688,frame_0004.jpeg,chicken,1413,1246,104,153,2592,1944
689,frame_0004.jpeg,chicken,1516,1180,145,116,2592,1944
690,frame_0004.jpeg,chicken,1624,1133,101,157,2592,1944
691,frame_0004.jpeg,chicken,1676,1295,82,123,2592,1944
692,frame_0004.jpeg,chicken,1753,1330,163,83,2592,1944
693,frame_0004.jpeg,chicken,1834,1698,103,139,2592,1944
694,frame_0004.jpeg,chicken,2101,649,164,150,2592,1944
695,frame_0004.jpeg,chicken,2215,785,127,87,2592,1944
696,frame_0004.jpeg,chicken,2266,685,92,103,2592,1944
697,frame_0004.jpeg,chicken,2166,1204,87,114,2592,1944
698,frame_0004.jpeg,chicken,2190,1263,85,127,2592,1944
699,frame_0004.jpeg,chicken,1828,1345,90,98,2592,1944
700,frame_0004.jpeg,chicken,1852,1233,131,130,2592,1944
701,frame_0004.jpeg,chicken,1918,1305,95,161,2592,1944
702,frame_0004.jpeg,chicken,2039,1168,157,95,2592,1944
703,frame_0004.jpeg,chicken,2304,1842,102,90,2592,1944
704,frame_0004.jpeg,chicken,2432,1831,95,96,2592,1944
705,frame_0004.jpeg,chicken,1943,1527,118,99,2592,1944
706,frame_0004.jpeg,chicken,2506,1730,64,86,2592,1944
707,frame_0004.jpeg,chicken,2045,1515,87,136,2592,1944
708,frame_0004.jpeg,chicken,2200,1432,100,121,2592,1944
709,frame_0004.jpeg,chicken,2129,1470,95,103,2592,1944
710,frame_0004.jpeg,chicken,2288,1477,136,95,2592,1944
711,frame_0004.jpeg,chicken,2433,1487,116,76,2592,1944
712,frame_0004.jpeg,chicken,2399,697,93,94,2592,1944
713,frame_0004.jpeg,chicken,2547,1401,94,45,2592,1944
714,frame_0004.jpeg,chicken,2472,1419,104,73,2592,1944
715,frame_0004.jpeg,chicken,2393,1410,142,90,2592,1944
716,frame_0004.jpeg,chicken,2359,1412,65,97,2592,1944
717,frame_0004.jpeg,chicken,2361,1314,77,113,2592,1944
718,frame_0004.jpeg,chicken,2388,1251,81,105,2592,1944
719,frame_0004.jpeg,chicken,2429,1196,98,84,2592,1944
720,frame_0004.jpeg,chicken,2516,1164,119,76,2592,1944
721,frame_0004.jpeg,chicken,2354,1119,131,86,2592,1944
722,frame_0004.jpeg,chicken,2469,1099,101,76,2592,1944
723,frame_0004.jpeg,chicken,2534,1062,85,58,2592,1944
724,frame_0004.jpeg,chicken,2508,1005,81,84,2592,1944
725,frame_0004.jpeg,chicken,2553,845,118,38,2592,1944
726,frame_0004.jpeg,chicken,2521,415,83,52,2592,1944
727,frame_0004.jpeg,chicken,2453,387,99,73,2592,1944
728,frame_0004.jpeg,chicken,2480,469,108,72,2592,1944
729,frame_0004.jpeg,chicken,2547,507,98,45,2592,1944
730,frame_0005.jpeg,chicken,1538,671,98,145,2592,1944
731,frame_0005.jpeg,chicken,1647,729,173,128,2592,1944
732,frame_0005.jpeg,chicken,1622,607,128,103,2592,1944
733,frame_0005.jpeg,chicken,1581,488,96,152,2592,1944
734,frame_0005.jpeg,chicken,1561,380,128,103,2592,1944
735,frame_0005.jpeg,chicken,1476,278,114,117,2592,1944
736,frame_0005.jpeg,chicken,1913,1011,104,145,2592,1944
737,frame_0005.jpeg,chicken,2079,991,136,104,2592,1944
738,frame_0005.jpeg,chicken,2015,1046,112,118,2592,1944
739,frame_0005.jpeg,chicken,2016,887,87,156,2592,1944
740,frame_0005.jpeg,chicken,2180,755,156,93,2592,1944
741,frame_0005.jpeg,chicken,1797,1191,109,141,2592,1944
742,frame_0005.jpeg,chicken,1705,1289,118,148,2592,1944
743,frame_0005.jpeg,chicken,1544,1205,100,158,2592,1944
744,frame_0005.jpeg,chicken,1906,1362,67,105,2592,1944
745,frame_0005.jpeg,chicken,1734,1471,106,104,2592,1944
746,frame_0005.jpeg,chicken,1702,1558,148,91,2592,1944
747,frame_0005.jpeg,chicken,1561,1522,143,102,2592,1944
748,frame_0005.jpeg,chicken,1436,1658,160,131,2592,1944
749,frame_0005.jpeg,chicken,2317,1883,61,82,2592,1944
750,frame_0005.jpeg,chicken,2512,1796,93,70,2592,1944
751,frame_0005.jpeg,chicken,2479,1632,81,98,2592,1944
752,frame_0005.jpeg,chicken,2093,1642,118,95,2592,1944
753,frame_0005.jpeg,chicken,2082,1565,101,86,2592,1944
754,frame_0005.jpeg,chicken,2014,1486,148,128,2592,1944
755,frame_0005.jpeg,chicken,2181,1448,142,73,2592,1944
756,frame_0005.jpeg,chicken,2266,1508,98,134,2592,1944
757,frame_0005.jpeg,chicken,2248,1376,150,80,2592,1944
758,frame_0005.jpeg,chicken,2347,1423,110,77,2592,1944
759,frame_0005.jpeg,chicken,2416,1439,139,68,2592,1944
760,frame_0005.jpeg,chicken,2482,1426,71,107,2592,1944
761,frame_0005.jpeg,chicken,2292,1280,95,109,2592,1944
762,frame_0005.jpeg,chicken,2171,1200,127,108,2592,1944
763,frame_0005.jpeg,chicken,2229,1183,157,72,2592,1944
764,frame_0005.jpeg,chicken,2301,1171,104,53,2592,1944
765,frame_0005.jpeg,chicken,2342,1189,86,47,2592,1944
766,frame_0005.jpeg,chicken,2388,1213,106,102,2592,1944
767,frame_0005.jpeg,chicken,2461,1153,128,85,2592,1944
768,frame_0005.jpeg,chicken,2505,1141,112,78,2592,1944
769,frame_0005.jpeg,chicken,1915,628,89,158,2592,1944
770,frame_0005.jpeg,chicken,1999,648,100,111,2592,1944
771,frame_0005.jpeg,chicken,1850,511,91,137,2592,1944
772,frame_0005.jpeg,chicken,1743,446,97,151,2592,1944
773,frame_0005.jpeg,chicken,1736,369,85,128,2592,1944
774,frame_0005.jpeg,chicken,1690,288,115,110,2592,1944
775,frame_0005.jpeg,chicken,1652,235,107,110,2592,1944
776,frame_0005.jpeg,chicken,2255,660,109,106,2592,1944
777,frame_0005.jpeg,chicken,2211,533,100,73,2592,1944
778,frame_0005.jpeg,chicken,2088,520,102,97,2592,1944
779,frame_0005.jpeg,chicken,2096,376,132,85,2592,1944
780,frame_0005.jpeg,chicken,2017,352,81,108,2592,1944
781,frame_0005.jpeg,chicken,2542,811,68,50,2592,1944
782,frame_0005.jpeg,chicken,2390,587,76,100,2592,1944
783,frame_0005.jpeg,chicken,2445,688,85,102,2592,1944
784,frame_0005.jpeg,chicken,2470,561,76,89,2592,1944
785,frame_0005.jpeg,chicken,2488,636,89,84,2592,1944
786,frame_0005.jpeg,chicken,2301,414,119,77,2592,1944
787,frame_0005.jpeg,chicken,1400,163,143,98,2592,1944
788,frame_0005.jpeg,chicken,1505,28,97,103,2592,1944
789,frame_0005.jpeg,chicken,1608,0,21,76,2592,1944
790,frame_0005.jpeg,chicken,1334,239,137,108,2592,1944
791,frame_0005.jpeg,chicken,1787,59,117,94,2592,1944
792,frame_0005.jpeg,chicken,1875,58,86,109,2592,1944
793,frame_0005.jpeg,chicken,1787,0,47,110,2592,1944
794,frame_0005.jpeg,chicken,1896,0,79,86,2592,1944
795,frame_0005.jpeg,chicken,1283,140,109,94,2592,1944
796,frame_0005.jpeg,chicken,1245,53,101,98,2592,1944
797,frame_0005.jpeg,chicken,1023,0,33,111,2592,1944
798,frame_0005.jpeg,chicken,958,58,124,104,2592,1944
799,frame_0005.jpeg,chicken,1119,84,87,134,2592,1944
800,frame_0005.jpeg,chicken,1184,118,113,122,2592,1944
801,frame_0005.jpeg,chicken,1244,194,84,96,2592,1944
802,frame_0005.jpeg,chicken,1200,273,104,150,2592,1944
803,frame_0005.jpeg,chicken,1171,333,142,107,2592,1944
804,frame_0005.jpeg,chicken,1043,291,140,102,2592,1944
805,frame_0005.jpeg,chicken,1229,497,155,114,2592,1944
806,frame_0005.jpeg,chicken,2165,114,119,92,2592,1944
807,frame_0005.jpeg,chicken,2255,169,116,80,2592,1944
808,frame_0005.jpeg,chicken,2329,123,112,101,2592,1944
809,frame_0005.jpeg,chicken,2274,0,76,83,2592,1944
810,frame_0005.jpeg,chicken,2495,21,67,67,2592,1944
811,frame_0005.jpeg,chicken,2450,0,32,64,2592,1944
812,frame_0005.jpeg,chicken,2362,259,113,93,2592,1944
813,frame_0005.jpeg,chicken,2344,312,85,107,2592,1944
814,frame_0005.jpeg,chicken,2447,414,122,70,2592,1944
815,frame_0005.jpeg,chicken,2493,399,93,64,2592,1944
816,frame_0005.jpeg,chicken,2539,470,85,53,2592,1944
817,frame_0005.jpeg,chicken,2441,325,85,74,2592,1944
818,frame_0005.jpeg,chicken,2512,359,112,66,2592,1944
819,frame_0005.jpeg,chicken,1009,407,147,92,2592,1944
820,frame_0005.jpeg,chicken,983,596,151,112,2592,1944
821,frame_0005.jpeg,chicken,932,402,169,92,2592,1944
822,frame_0005.jpeg,chicken,592,79,132,91,2592,1944
823,frame_0005.jpeg,chicken,822,415,99,127,2592,1944
824,frame_0005.jpeg,chicken,464,545,88,98,2592,1944
825,frame_0005.jpeg,chicken,705,408,121,116,2592,1944
826,frame_0005.jpeg,chicken,456,323,80,150,2592,1944
827,frame_0005.jpeg,chicken,559,379,149,98,2592,1944
828,frame_0005.jpeg,chicken,843,466,104,99,2592,1944
829,frame_0005.jpeg,chicken,754,474,154,92,2592,1944
830,frame_0005.jpeg,chicken,121,635,58,90,2592,1944
831,frame_0005.jpeg,chicken,15,650,116,72,2592,1944
832,frame_0005.jpeg,chicken,0,651,76,28,2592,1944
833,frame_0005.jpeg,chicken,59,870,96,100,2592,1944
834,frame_0005.jpeg,chicken,361,455,86,132,2592,1944
835,frame_0005.jpeg,chicken,306,501,99,118,2592,1944
836,frame_0005.jpeg,chicken,234,507,98,81,2592,1944
837,frame_0005.jpeg,chicken,324,348,107,95,2592,1944
838,frame_0005.jpeg,chicken,258,1003,107,122,2592,1944
839,frame_0005.jpeg,chicken,425,1096,139,105,2592,1944
840,frame_0005.jpeg,chicken,221,1129,130,102,2592,1944
841,frame_0005.jpeg,chicken,329,1222,130,92,2592,1944
842,frame_0005.jpeg,chicken,225,1234,93,114,2592,1944
843,frame_0005.jpeg,chicken,269,1323,82,140,2592,1944
844,frame_0005.jpeg,chicken,512,1239,92,156,2592,1944
845,frame_0005.jpeg,chicken,287,1440,83,143,2592,1944
846,frame_0005.jpeg,chicken,387,40,119,112,2592,1944
847,frame_0005.jpeg,chicken,0,991,91,23,2592,1944
848,frame_0005.jpeg,chicken,21,1150,91,82,2592,1944
849,frame_0005.jpeg,chicken,70,1201,85,110,2592,1944
850,frame_0005.jpeg,chicken,7,1843,83,68,2592,1944
851,frame_0005.jpeg,chicken,153,1688,145,99,2592,1944
852,frame_0005.jpeg,chicken,163,1490,127,106,2592,1944
853,frame_0005.jpeg,chicken,98,1428,108,87,2592,1944
854,frame_0005.jpeg,chicken,67,1435,146,87,2592,1944
855,frame_0005.jpeg,chicken,0,1420,90,41,2592,1944
856,frame_0005.jpeg,chicken,555,1458,147,110,2592,1944
857,frame_0005.jpeg,chicken,682,1502,124,118,2592,1944
858,frame_0005.jpeg,chicken,664,1373,166,122,2592,1944
859,frame_0005.jpeg,chicken,813,1475,60,114,2592,1944
860,frame_0005.jpeg,chicken,875,1497,126,90,2592,1944
861,frame_0005.jpeg,chicken,921,1620,124,147,2592,1944
862,frame_0005.jpeg,chicken,1092,1486,97,129,2592,1944
863,frame_0005.jpeg,chicken,788,1311,114,154,2592,1944
864,frame_0005.jpeg,chicken,823,1222,153,147,2592,1944
865,frame_0005.jpeg,chicken,1105,1343,105,156,2592,1944
866,frame_0005.jpeg,chicken,1063,1252,98,177,2592,1944
867,frame_0005.jpeg,chicken,1014,1190,153,136,2592,1944
868,frame_0005.jpeg,chicken,998,1062,93,104,2592,1944
869,frame_0005.jpeg,chicken,1088,1059,97,122,2592,1944
870,frame_0005.jpeg,chicken,259,382,129,88,2592,1944
871,frame_0005.jpeg,chicken,210,331,91,124,2592,1944
872,frame_0005.jpeg,chicken,229,75,90,74,2592,1944
873,frame_0005.jpeg,chicken,304,64,142,86,2592,1944
874,frame_0005.jpeg,chicken,214,0,50,73,2592,1944
875,frame_0005.jpeg,chicken,105,0,31,73,2592,1944
876,frame_0005.jpeg,chicken,199,152,120,73,2592,1944
877,frame_0005.jpeg,chicken,152,105,118,78,2592,1944
878,frame_0005.jpeg,chicken,265,242,94,98,2592,1944
879,frame_0005.jpeg,chicken,139,260,110,118,2592,1944
880,frame_0005.jpeg,chicken,318,144,103,85,2592,1944
881,frame_0005.jpeg,chicken,334,209,86,115,2592,1944
882,frame_0005.jpeg,chicken,397,164,84,80,2592,1944
883,frame_0005.jpeg,chicken,64,127,100,97,2592,1944
884,frame_0005.jpeg,chicken,115,199,116,74,2592,1944
885,frame_0005.jpeg,chicken,87,277,118,68,2592,1944
886,frame_0005.jpeg,chicken,38,216,86,88,2592,1944
887,frame_0005.jpeg,chicken,0,301,132,83,2592,1944
888,frame_0005.jpeg,chicken,139,443,90,118,2592,1944
889,frame_0005.jpeg,chicken,80,434,61,64,2592,1944
890,frame_0006.jpeg,chicken,888,830,114,211,2592,1944
891,frame_0006.jpeg,chicken,990,1220,92,147,2592,1944
892,frame_0006.jpeg,chicken,884,1198,147,118,2592,1944
893,frame_0006.jpeg,chicken,1101,1259,125,166,2592,1944
894,frame_0006.jpeg,chicken,1284,1321,124,100,2592,1944
895,frame_0006.jpeg,chicken,810,1257,122,158,2592,1944
896,frame_0006.jpeg,chicken,760,1362,78,177,2592,1944
897,frame_0006.jpeg,chicken,1165,1484,97,111,2592,1944
898,frame_0006.jpeg,chicken,816,1473,60,115,2592,1944
899,frame_0006.jpeg,chicken,837,595,72,147,2592,1944
900,frame_0006.jpeg,chicken,1330,1112,173,111,2592,1944
901,frame_0006.jpeg,chicken,1048,1511,158,80,2592,1944
902,frame_0006.jpeg,chicken,918,1546,86,130,2592,1944
903,frame_0006.jpeg,chicken,855,1532,73,97,2592,1944
904,frame_0006.jpeg,chicken,676,1500,119,118,2592,1944
905,frame_0006.jpeg,chicken,560,1456,146,130,2592,1944
906,frame_0006.jpeg,chicken,491,1491,121,104,2592,1944
907,frame_0006.jpeg,chicken,396,1456,142,72,2592,1944
908,frame_0006.jpeg,chicken,327,1440,107,81,2592,1944
909,frame_0006.jpeg,chicken,614,1333,99,100,2592,1944
910,frame_0006.jpeg,chicken,576,1261,98,134,2592,1944
911,frame_0006.jpeg,chicken,278,1283,87,138,2592,1944
912,frame_0006.jpeg,chicken,470,1192,120,115,2592,1944
913,frame_0006.jpeg,chicken,394,1180,109,92,2592,1944
914,frame_0006.jpeg,chicken,549,1059,159,118,2592,1944
915,frame_0006.jpeg,chicken,312,1034,134,116,2592,1944
916,frame_0006.jpeg,chicken,1369,1482,67,176,2592,1944
917,frame_0006.jpeg,chicken,295,1607,124,112,2592,1944
918,frame_0006.jpeg,chicken,289,640,94,136,2592,1944
919,frame_0006.jpeg,chicken,328,701,94,155,2592,1944
920,frame_0006.jpeg,chicken,160,963,145,122,2592,1944
921,frame_0006.jpeg,chicken,0,1081,84,35,2592,1944
922,frame_0006.jpeg,chicken,70,1124,120,81,2592,1944
923,frame_0006.jpeg,chicken,100,1248,80,118,2592,1944
924,frame_0006.jpeg,chicken,146,1692,119,106,2592,1944
925,frame_0006.jpeg,chicken,23,1727,118,73,2592,1944
926,frame_0006.jpeg,chicken,15,1827,103,94,2592,1944
927,frame_0006.jpeg,chicken,225,1896,48,103,2592,1944
928,frame_0006.jpeg,chicken,49,1432,136,75,2592,1944
929,frame_0006.jpeg,chicken,0,1415,123,64,2592,1944
930,frame_0006.jpeg,chicken,135,1416,77,112,2592,1944
931,frame_0006.jpeg,chicken,1370,1688,186,105,2592,1944
932,frame_0006.jpeg,chicken,1617,1912,32,86,2592,1944
933,frame_0006.jpeg,chicken,1656,1489,113,137,2592,1944
934,frame_0006.jpeg,chicken,1783,1526,101,127,2592,1944
935,frame_0006.jpeg,chicken,1450,1240,113,137,2592,1944
936,frame_0006.jpeg,chicken,1734,1166,96,138,2592,1944
937,frame_0006.jpeg,chicken,1711,1246,161,96,2592,1944
938,frame_0006.jpeg,chicken,1545,1162,172,103,2592,1944
939,frame_0006.jpeg,chicken,1856,1230,136,96,2592,1944
940,frame_0006.jpeg,chicken,1926,1318,82,145,2592,1944
941,frame_0006.jpeg,chicken,1979,1242,98,117,2592,1944
942,frame_0006.jpeg,chicken,1897,1063,105,141,2592,1944
943,frame_0006.jpeg,chicken,1943,1408,82,123,2592,1944
944,frame_0006.jpeg,chicken,1455,768,161,114,2592,1944
945,frame_0006.jpeg,chicken,1562,780,143,111,2592,1944
946,frame_0006.jpeg,chicken,2097,1469,140,112,2592,1944
947,frame_0006.jpeg,chicken,2186,1499,114,118,2592,1944
948,frame_0006.jpeg,chicken,2210,1429,50,115,2592,1944
949,frame_0006.jpeg,chicken,2087,1124,146,81,2592,1944
950,frame_0006.jpeg,chicken,2153,1188,104,80,2592,1944
951,frame_0006.jpeg,chicken,2235,1210,135,91,2592,1944
952,frame_0006.jpeg,chicken,1997,1854,90,112,2592,1944
953,frame_0006.jpeg,chicken,2191,1895,49,69,2592,1944
954,frame_0006.jpeg,chicken,2229,1815,92,76,2592,1944
955,frame_0006.jpeg,chicken,2264,1896,48,81,2592,1944
956,frame_0006.jpeg,chicken,2331,1860,84,87,2592,1944
957,frame_0006.jpeg,chicken,2497,1732,73,61,2592,1944
958,frame_0006.jpeg,chicken,2230,1660,91,124,2592,1944
959,frame_0006.jpeg,chicken,2473,1633,72,102,2592,1944
960,frame_0006.jpeg,chicken,2305,1521,94,116,2592,1944
961,frame_0006.jpeg,chicken,2298,1114,123,85,2592,1944
962,frame_0006.jpeg,chicken,2484,1151,143,73,2592,1944
963,frame_0006.jpeg,chicken,2542,1186,93,50,2592,1944
964,frame_0006.jpeg,chicken,2385,1216,106,105,2592,1944
965,frame_0006.jpeg,chicken,2365,1300,88,113,2592,1944
966,frame_0006.jpeg,chicken,2303,1382,133,77,2592,1944
967,frame_0006.jpeg,chicken,2383,1408,97,84,2592,1944
968,frame_0006.jpeg,chicken,2491,1419,121,95,2592,1944
969,frame_0006.jpeg,chicken,2422,1430,136,77,2592,1944
970,frame_0006.jpeg,chicken,2429,1546,93,66,2592,1944
971,frame_0006.jpeg,chicken,2479,1501,84,46,2592,1944
972,frame_0006.jpeg,chicken,2264,833,120,110,2592,1944
973,frame_0006.jpeg,chicken,1545,684,97,142,2592,1944
974,frame_0006.jpeg,chicken,1680,610,110,97,2592,1944
975,frame_0006.jpeg,chicken,2460,694,92,101,2592,1944
976,frame_0006.jpeg,chicken,1687,509,81,159,2592,1944
977,frame_0006.jpeg,chicken,1524,462,115,108,2592,1944
978,frame_0006.jpeg,chicken,1390,500,149,114,2592,1944
979,frame_0006.jpeg,chicken,1355,437,87,141,2592,1944
980,frame_0006.jpeg,chicken,1461,330,141,106,2592,1944
981,frame_0006.jpeg,chicken,1357,311,133,91,2592,1944
982,frame_0006.jpeg,chicken,1338,246,97,154,2592,1944
983,frame_0006.jpeg,chicken,1257,286,135,111,2592,1944
984,frame_0006.jpeg,chicken,837,486,86,150,2592,1944
985,frame_0006.jpeg,chicken,542,532,103,182,2592,1944
986,frame_0006.jpeg,chicken,725,422,151,100,2592,1944
987,frame_0006.jpeg,chicken,813,396,113,116,2592,1944
988,frame_0006.jpeg,chicken,1108,303,128,102,2592,1944
989,frame_0006.jpeg,chicken,1191,304,173,90,2592,1944
990,frame_0006.jpeg,chicken,1660,316,140,91,2592,1944
991,frame_0006.jpeg,chicken,1736,342,147,108,2592,1944
992,frame_0006.jpeg,chicken,1831,371,141,76,2592,1944
993,frame_0006.jpeg,chicken,1910,429,101,138,2592,1944
994,frame_0006.jpeg,chicken,2030,480,89,127,2592,1944
995,frame_0006.jpeg,chicken,2001,369,111,115,2592,1944
996,frame_0006.jpeg,chicken,2106,381,108,84,2592,1944
997,frame_0006.jpeg,chicken,1659,196,122,81,2592,1944
998,frame_0006.jpeg,chicken,1735,211,101,105,2592,1944
999,frame_0006.jpeg,chicken,1577,146,152,88,2592,1944
1000,frame_0006.jpeg,chicken,1497,9,121,95,2592,1944
1001,frame_0006.jpeg,chicken,1727,51,117,111,2592,1944
1002,frame_0006.jpeg,chicken,1831,104,138,93,2592,1944
1003,frame_0006.jpeg,chicken,1740,2,83,135,2592,1944
1004,frame_0006.jpeg,chicken,1845,55,106,116,2592,1944
1005,frame_0006.jpeg,chicken,1988,105,132,90,2592,1944
1006,frame_0006.jpeg,chicken,1304,128,111,99,2592,1944
1007,frame_0006.jpeg,chicken,1396,134,125,91,2592,1944
1008,frame_0006.jpeg,chicken,1216,106,123,98,2592,1944
1009,frame_0006.jpeg,chicken,1246,51,103,128,2592,1944
1010,frame_0006.jpeg,chicken,1030,0,33,116,2592,1944
1011,frame_0006.jpeg,chicken,556,49,100,94,2592,1944
1012,frame_0006.jpeg,chicken,681,0,73,104,2592,1944
1013,frame_0006.jpeg,chicken,450,260,120,99,2592,1944
1014,frame_0006.jpeg,chicken,2280,0,69,74,2592,1944
1015,frame_0006.jpeg,chicken,2492,64,69,57,2592,1944
1016,frame_0006.jpeg,chicken,2432,0,41,53,2592,1944
1017,frame_0006.jpeg,chicken,2253,70,101,106,2592,1944
1018,frame_0006.jpeg,chicken,2211,73,119,86,2592,1944
1019,frame_0006.jpeg,chicken,2163,118,133,88,2592,1944
1020,frame_0006.jpeg,chicken,2359,154,112,70,2592,1944
1021,frame_0006.jpeg,chicken,187,519,92,111,2592,1944
1022,frame_0006.jpeg,chicken,65,521,103,105,2592,1944
1023,frame_0006.jpeg,chicken,141,441,119,104,2592,1944
1024,frame_0006.jpeg,chicken,206,348,107,124,2592,1944
1025,frame_0006.jpeg,chicken,326,401,92,112,2592,1944
1026,frame_0006.jpeg,chicken,324,491,107,122,2592,1944
1027,frame_0006.jpeg,chicken,364,513,83,147,2592,1944
1028,frame_0006.jpeg,chicken,314,52,109,91,2592,1944
1029,frame_0006.jpeg,chicken,374,83,84,115,2592,1944
1030,frame_0006.jpeg,chicken,246,163,84,128,2592,1944
1031,frame_0006.jpeg,chicken,2380,488,114,70,2592,1944
1032,frame_0006.jpeg,chicken,187,275,93,89,2592,1944
1033,frame_0006.jpeg,chicken,216,153,126,70,2592,1944
1034,frame_0006.jpeg,chicken,224,89,78,76,2592,1944
1035,frame_0006.jpeg,chicken,83,295,101,73,2592,1944
1036,frame_0006.jpeg,chicken,201,0,93,112,2592,1944
1037,frame_0006.jpeg,chicken,172,0,26,70,2592,1944
1038,frame_0006.jpeg,chicken,101,163,83,63,2592,1944
1039,frame_0006.jpeg,chicken,135,165,106,88,2592,1944
1040,frame_0006.jpeg,chicken,20,34,69,65,2592,1944
1041,frame_0006.jpeg,chicken,0,54,62,24,2592,1944
1042,frame_0006.jpeg,chicken,0,326,77,50,2592,1944
1043,frame_0006.jpeg,chicken,26,228,97,87,2592,1944
1044,frame_0006.jpeg,chicken,54,247,86,101,2592,1944
1045,frame_0006.jpeg,chicken,127,272,68,72,2592,1944
1046,frame_0006.jpeg,chicken,2391,597,64,107,2592,1944
1047,frame_0006.jpeg,chicken,2481,544,124,76,2592,1944
1048,frame_0006.jpeg,chicken,2558,553,92,34,2592,1944
1049,frame_0006.jpeg,chicken,2499,481,95,55,2592,1944
1050,frame_0006.jpeg,chicken,2521,432,103,70,2592,1944
1051,frame_0006.jpeg,chicken,2537,381,81,55,2592,1944
1052,frame_0006.jpeg,chicken,2430,308,113,93,2592,1944
1053,frame_0006.jpeg,chicken,2341,386,82,120,2592,1944
1054,frame_0006.jpeg,chicken,2240,311,99,111,2592,1944
1055,frame_0006.jpeg,chicken,2335,325,82,105,2592,1944
1056,frame_0006.jpeg,chicken,2306,202,58,89,2592,1944
1057,frame_0006.jpeg,chicken,2293,260,70,85,2592,1944
1058,frame_0006.jpeg,chicken,2362,240,96,77,2592,1944
1059,frame_0006.jpeg,chicken,2269,563,79,87,2592,1944
1060,frame_0006.jpeg,chicken,2260,654,37,115,2592,1944
1061,frame_0007.jpeg,chicken,1787,1509,108,129,2592,1944
1062,frame_0007.jpeg,chicken,2163,1456,127,88,2592,1944
1063,frame_0007.jpeg,chicken,2024,1487,110,120,2592,1944
1064,frame_0007.jpeg,chicken,2373,1661,117,108,2592,1944
1065,frame_0007.jpeg,chicken,1969,1782,116,91,2592,1944
1066,frame_0007.jpeg,chicken,2233,1799,108,80,2592,1944
1067,frame_0007.jpeg,chicken,2336,1834,105,85,2592,1944
1068,frame_0007.jpeg,chicken,2396,1870,74,102,2592,1944
1069,frame_0007.jpeg,chicken,2148,1901,43,91,2592,1944
1070,frame_0007.jpeg,chicken,2253,1906,38,75,2592,1944
1071,frame_0007.jpeg,chicken,2368,110,106,91,2592,1944
1072,frame_0007.jpeg,chicken,2207,82,96,97,2592,1944
1073,frame_0007.jpeg,chicken,2103,74,136,83,2592,1944
1074,frame_0007.jpeg,chicken,1857,221,117,109,2592,1944
1075,frame_0007.jpeg,chicken,1678,262,85,147,2592,1944
1076,frame_0007.jpeg,chicken,1750,0,82,100,2592,1944
1077,frame_0007.jpeg,chicken,1690,43,108,111,2592,1944
1078,frame_0007.jpeg,chicken,1491,21,104,116,2592,1944
1079,frame_0007.jpeg,chicken,1312,103,110,111,2592,1944
1080,frame_0007.jpeg,chicken,1420,107,133,110,2592,1944
1081,frame_0007.jpeg,chicken,1506,193,119,122,2592,1944
1082,frame_0007.jpeg,chicken,2258,28,94,80,2592,1944
1083,frame_0007.jpeg,chicken,2067,1168,146,107,2592,1944
1084,frame_0007.jpeg,chicken,2279,1600,77,127,2592,1944
1085,frame_0007.jpeg,chicken,2329,1505,103,115,2592,1944
1086,frame_0007.jpeg,chicken,2532,1615,99,60,2592,1944
1087,frame_0007.jpeg,chicken,2416,1131,136,81,2592,1944
1088,frame_0007.jpeg,chicken,1993,170,87,114,2592,1944
1089,frame_0007.jpeg,chicken,1544,682,101,143,2592,1944
1090,frame_0007.jpeg,chicken,1830,671,105,157,2592,1944
1091,frame_0007.jpeg,chicken,2099,1555,90,115,2592,1944
1092,frame_0007.jpeg,chicken,2167,685,143,125,2592,1944
1093,frame_0007.jpeg,chicken,2123,532,95,116,2592,1944
1094,frame_0007.jpeg,chicken,2236,314,141,82,2592,1944
1095,frame_0007.jpeg,chicken,2133,273,105,85,2592,1944
1096,frame_0007.jpeg,chicken,2454,427,113,91,2592,1944
1097,frame_0007.jpeg,chicken,2339,385,90,118,2592,1944
1098,frame_0007.jpeg,chicken,2330,221,94,101,2592,1944
1099,frame_0007.jpeg,chicken,2271,266,87,90,2592,1944
1100,frame_0007.jpeg,chicken,2220,161,87,99,2592,1944
1101,frame_0007.jpeg,chicken,1837,484,116,121,2592,1944
1102,frame_0007.jpeg,chicken,1335,303,125,124,2592,1944
1103,frame_0007.jpeg,chicken,1457,332,139,116,2592,1944
1104,frame_0007.jpeg,chicken,1512,302,129,140,2592,1944
1105,frame_0007.jpeg,chicken,612,563,168,101,2592,1944
1106,frame_0007.jpeg,chicken,211,656,171,106,2592,1944
1107,frame_0007.jpeg,chicken,886,598,151,105,2592,1944
1108,frame_0007.jpeg,chicken,791,560,111,165,2592,1944
1109,frame_0007.jpeg,chicken,1658,316,84,150,2592,1944
1110,frame_0007.jpeg,chicken,1731,349,143,107,2592,1944
1111,frame_0007.jpeg,chicken,2517,387,115,72,2592,1944
1112,frame_0007.jpeg,chicken,1682,1006,134,111,2592,1944
1113,frame_0007.jpeg,chicken,1655,842,116,135,2592,1944
1114,frame_0007.jpeg,chicken,1591,553,109,106,2592,1944
1115,frame_0007.jpeg,chicken,1398,598,135,137,2592,1944
1116,frame_0007.jpeg,chicken,2157,1200,124,110,2592,1944
1117,frame_0007.jpeg,chicken,2204,1239,105,110,2592,1944
1118,frame_0007.jpeg,chicken,2225,1338,68,120,2592,1944
1119,frame_0007.jpeg,chicken,2369,1298,85,107,2592,1944
1120,frame_0007.jpeg,chicken,2432,543,116,77,2592,1944
1121,frame_0007.jpeg,chicken,2371,549,102,66,2592,1944
1122,frame_0007.jpeg,chicken,2305,515,128,83,2592,1944
1123,frame_0007.jpeg,chicken,2293,610,91,76,2592,1944
1124,frame_0007.jpeg,chicken,2470,339,80,103,2592,1944
1125,frame_0007.jpeg,chicken,2462,280,75,84,2592,1944
1126,frame_0007.jpeg,chicken,1658,99,154,78,2592,1944
1127,frame_0007.jpeg,chicken,1559,121,134,105,2592,1944
1128,frame_0007.jpeg,chicken,1403,204,157,113,2592,1944
1129,frame_0007.jpeg,chicken,1084,340,137,121,2592,1944
1130,frame_0007.jpeg,chicken,1120,283,118,125,2592,1944
1131,frame_0007.jpeg,chicken,1085,201,106,116,2592,1944
1132,frame_0007.jpeg,chicken,998,0,32,103,2592,1944
1133,frame_0007.jpeg,chicken,672,0,71,119,2592,1944
1134,frame_0007.jpeg,chicken,557,0,62,82,2592,1944
1135,frame_0007.jpeg,chicken,245,0,58,95,2592,1944
1136,frame_0007.jpeg,chicken,137,0,50,97,2592,1944
1137,frame_0007.jpeg,chicken,204,81,75,101,2592,1944
1138,frame_0007.jpeg,chicken,86,113,92,131,2592,1944
1139,frame_0007.jpeg,chicken,381,468,125,98,2592,1944
1140,frame_0007.jpeg,chicken,290,476,118,85,2592,1944
1141,frame_0007.jpeg,chicken,917,989,129,124,2592,1944
1142,frame_0007.jpeg,chicken,39,1096,142,91,2592,1944
1143,frame_0007.jpeg,chicken,1461,1196,109,102,2592,1944
1144,frame_0007.jpeg,chicken,1382,1302,121,154,2592,1944
1145,frame_0007.jpeg,chicken,1526,1536,131,124,2592,1944
1146,frame_0007.jpeg,chicken,1670,1273,120,136,2592,1944
1147,frame_0007.jpeg,chicken,1737,1872,72,126,2592,1944
1148,frame_0007.jpeg,chicken,1311,1379,71,159,2592,1944
1149,frame_0007.jpeg,chicken,2487,1145,154,69,2592,1944
1150,frame_0007.jpeg,chicken,2535,1157,129,57,2592,1944
1151,frame_0007.jpeg,chicken,2454,1408,117,49,2592,1944
1152,frame_0007.jpeg,chicken,2397,1412,116,64,2592,1944
1153,frame_0007.jpeg,chicken,360,124,93,96,2592,1944
1154,frame_0007.jpeg,chicken,297,162,81,88,2592,1944
1155,frame_0007.jpeg,chicken,367,213,127,86,2592,1944
1156,frame_0007.jpeg,chicken,133,205,73,93,2592,1944
1157,frame_0007.jpeg,chicken,79,1251,90,130,2592,1944
1158,frame_0007.jpeg,chicken,224,410,128,68,2592,1944
1159,frame_0007.jpeg,chicken,68,1429,130,92,2592,1944
1160,frame_0007.jpeg,chicken,0,1404,120,48,2592,1944
1161,frame_0007.jpeg,chicken,196,1638,115,94,2592,1944
1162,frame_0007.jpeg,chicken,525,1633,154,100,2592,1944
1163,frame_0007.jpeg,chicken,7,1757,100,91,2592,1944
1164,frame_0007.jpeg,chicken,6,1865,79,78,2592,1944
1165,frame_0007.jpeg,chicken,166,1843,101,95,2592,1944
1166,frame_0007.jpeg,chicken,193,1458,98,96,2592,1944
1167,frame_0007.jpeg,chicken,384,1497,92,138,2592,1944
1168,frame_0007.jpeg,chicken,354,380,120,91,2592,1944
1169,frame_0007.jpeg,chicken,287,363,124,78,2592,1944
1170,frame_0007.jpeg,chicken,280,309,93,110,2592,1944
1171,frame_0007.jpeg,chicken,184,298,130,102,2592,1944
1172,frame_0007.jpeg,chicken,774,1620,88,153,2592,1944
1173,frame_0007.jpeg,chicken,0,254,78,98,2592,1944
1174,frame_0007.jpeg,chicken,0,309,100,91,2592,1944
1175,frame_0007.jpeg,chicken,40,427,91,104,2592,1944
1176,frame_0007.jpeg,chicken,0,515,71,24,2592,1944
1177,frame_0007.jpeg,chicken,0,450,68,22,2592,1944
1178,frame_0007.jpeg,chicken,131,272,65,81,2592,1944
1179,frame_0007.jpeg,chicken,98,319,81,101,2592,1944
1180,frame_0007.jpeg,chicken,50,362,99,79,2592,1944
1181,frame_0007.jpeg,chicken,512,1107,144,121,2592,1944
1182,frame_0007.jpeg,chicken,376,1170,143,118,2592,1944
1183,frame_0007.jpeg,chicken,280,1191,86,114,2592,1944
1184,frame_0007.jpeg,chicken,544,1246,115,122,2592,1944
1185,frame_0007.jpeg,chicken,617,1186,144,87,2592,1944
1186,frame_0007.jpeg,chicken,606,1337,82,143,2592,1944
1187,frame_0007.jpeg,chicken,591,1411,101,120,2592,1944
1188,frame_0007.jpeg,chicken,936,1583,156,119,2592,1944
1189,frame_0007.jpeg,chicken,824,1490,106,126,2592,1944
1190,frame_0007.jpeg,chicken,964,1545,123,92,2592,1944
1191,frame_0007.jpeg,chicken,1072,1506,158,107,2592,1944
1192,frame_0007.jpeg,chicken,788,1400,95,141,2592,1944
1193,frame_0007.jpeg,chicken,751,1313,98,213,2592,1944
1194,frame_0007.jpeg,chicken,1059,1187,162,109,2592,1944
1195,frame_0007.jpeg,chicken,988,1143,190,99,2592,1944
1196,frame_0007.jpeg,chicken,899,1159,130,98,2592,1944
1197,frame_0007.jpeg,chicken,1122,1259,165,142,2592,1944
1198,frame_0007.jpeg,chicken,1124,1342,106,158,2592,1944
1199,frame_0007.jpeg,chicken,1152,1483,65,148,2592,1944
1200,frame_0008.jpeg,chicken,1735,616,144,127,2592,1944
1201,frame_0008.jpeg,chicken,1542,682,98,144,2592,1944
1202,frame_0008.jpeg,chicken,1335,608,145,105,2592,1944
1203,frame_0008.jpeg,chicken,1965,775,109,141,2592,1944
1204,frame_0008.jpeg,chicken,2069,642,103,112,2592,1944
1205,frame_0008.jpeg,chicken,2249,676,85,103,2592,1944
1206,frame_0008.jpeg,chicken,2438,705,120,100,2592,1944
1207,frame_0008.jpeg,chicken,2534,709,100,58,2592,1944
1208,frame_0008.jpeg,chicken,1227,449,121,120,2592,1944
1209,frame_0008.jpeg,chicken,1070,606,152,124,2592,1944
1210,frame_0008.jpeg,chicken,961,522,126,149,2592,1944
1211,frame_0008.jpeg,chicken,799,369,156,108,2592,1944
1212,frame_0008.jpeg,chicken,661,518,106,125,2592,1944
1213,frame_0008.jpeg,chicken,2294,933,158,87,2592,1944
1214,frame_0008.jpeg,chicken,1421,1042,94,199,2592,1944
1215,frame_0008.jpeg,chicken,1124,939,143,229,2592,1944
1216,frame_0008.jpeg,chicken,354,622,100,147,2592,1944
1217,frame_0008.jpeg,chicken,999,295,118,129,2592,1944
1218,frame_0008.jpeg,chicken,690,163,79,159,2592,1944
1219,frame_0008.jpeg,chicken,1316,323,132,115,2592,1944
1220,frame_0008.jpeg,chicken,2048,1156,161,115,2592,1944
1221,frame_0008.jpeg,chicken,2172,1167,155,94,2592,1944
1222,frame_0008.jpeg,chicken,2217,1280,85,113,2592,1944
1223,frame_0008.jpeg,chicken,1948,1300,103,130,2592,1944
1224,frame_0008.jpeg,chicken,2331,1223,145,75,2592,1944
1225,frame_0008.jpeg,chicken,2403,1286,71,77,2592,1944
1226,frame_0008.jpeg,chicken,2436,1194,125,69,2592,1944
1227,frame_0008.jpeg,chicken,2512,1153,129,75,2592,1944
1228,frame_0008.jpeg,chicken,2547,1183,103,45,2592,1944
1229,frame_0008.jpeg,chicken,1732,1308,93,131,2592,1944
1230,frame_0008.jpeg,chicken,1631,1147,196,92,2592,1944
1231,frame_0008.jpeg,chicken,1548,1151,184,88,2592,1944
1232,frame_0008.jpeg,chicken,1429,1231,111,140,2592,1944
1233,frame_0008.jpeg,chicken,1371,1300,100,162,2592,1944
1234,frame_0008.jpeg,chicken,1361,1397,54,130,2592,1944
1235,frame_0008.jpeg,chicken,1122,1365,85,192,2592,1944
1236,frame_0008.jpeg,chicken,1101,1285,93,172,2592,1944
1237,frame_0008.jpeg,chicken,453,1138,132,106,2592,1944
1238,frame_0008.jpeg,chicken,546,1252,121,167,2592,1944
1239,frame_0008.jpeg,chicken,563,1373,117,150,2592,1944
1240,frame_0008.jpeg,chicken,548,1456,114,138,2592,1944
1241,frame_0008.jpeg,chicken,507,1479,160,83,2592,1944
1242,frame_0008.jpeg,chicken,390,1504,134,109,2592,1944
1243,frame_0008.jpeg,chicken,771,1374,69,159,2592,1944
1244,frame_0008.jpeg,chicken,814,1278,136,130,2592,1944
1245,frame_0008.jpeg,chicken,874,1193,154,129,2592,1944
1246,frame_0008.jpeg,chicken,1002,1171,137,100,2592,1944
1247,frame_0008.jpeg,chicken,1070,1178,173,106,2592,1944
1248,frame_0008.jpeg,chicken,315,1218,103,130,2592,1944
1249,frame_0008.jpeg,chicken,803,1477,90,129,2592,1944
1250,frame_0008.jpeg,chicken,723,1558,133,112,2592,1944
1251,frame_0008.jpeg,chicken,320,1440,87,86,2592,1944
1252,frame_0008.jpeg,chicken,246,1438,127,79,2592,1944
1253,frame_0008.jpeg,chicken,925,1544,120,93,2592,1944
1254,frame_0008.jpeg,chicken,1148,1484,59,155,2592,1944
1255,frame_0008.jpeg,chicken,1057,1537,86,147,2592,1944
1256,frame_0008.jpeg,chicken,871,1656,91,186,2592,1944
1257,frame_0008.jpeg,chicken,839,1742,95,142,2592,1944
1258,frame_0008.jpeg,chicken,1080,1795,118,124,2592,1944
1259,frame_0008.jpeg,chicken,506,1646,95,149,2592,1944
1260,frame_0008.jpeg,chicken,314,1811,112,140,2592,1944
1261,frame_0008.jpeg,chicken,89,1675,91,151,2592,1944
1262,frame_0008.jpeg,chicken,106,1414,148,61,2592,1944
1263,frame_0008.jpeg,chicken,26,1417,139,61,2592,1944
1264,frame_0008.jpeg,chicken,30,1148,95,99,2592,1944
1265,frame_0008.jpeg,chicken,70,1205,76,106,2592,1944
1266,frame_0008.jpeg,chicken,102,1257,74,119,2592,1944
1267,frame_0008.jpeg,chicken,191,1302,58,109,2592,1944
1268,frame_0008.jpeg,chicken,1432,1488,156,123,2592,1944
1269,frame_0008.jpeg,chicken,1726,1469,49,112,2592,1944
1270,frame_0008.jpeg,chicken,1754,1502,105,118,2592,1944
1271,frame_0008.jpeg,chicken,1656,1510,104,122,2592,1944
1272,frame_0008.jpeg,chicken,1557,1522,164,84,2592,1944
1273,frame_0008.jpeg,chicken,1548,1678,119,140,2592,1944
1274,frame_0008.jpeg,chicken,1970,1480,131,96,2592,1944
1275,frame_0008.jpeg,chicken,2117,1483,111,84,2592,1944
1276,frame_0008.jpeg,chicken,2200,1450,90,83,2592,1944
1277,frame_0008.jpeg,chicken,2283,1487,112,86,2592,1944
1278,frame_0008.jpeg,chicken,2247,1591,140,143,2592,1944
1279,frame_0008.jpeg,chicken,2378,1667,89,112,2592,1944
1280,frame_0008.jpeg,chicken,2511,1429,96,75,2592,1944
1281,frame_0008.jpeg,chicken,2370,1414,49,78,2592,1944
1282,frame_0008.jpeg,chicken,2391,1411,145,95,2592,1944
1283,frame_0008.jpeg,chicken,2469,1419,151,56,2592,1944
1284,frame_0008.jpeg,chicken,2350,1785,73,89,2592,1944
1285,frame_0008.jpeg,chicken,2539,1803,102,53,2592,1944
1286,frame_0008.jpeg,chicken,2305,1875,69,67,2592,1944
1287,frame_0008.jpeg,chicken,2371,1876,68,92,2592,1944
1288,frame_0008.jpeg,chicken,2455,1890,54,80,2592,1944
1289,frame_0008.jpeg,chicken,658,0,114,109,2592,1944
1290,frame_0008.jpeg,chicken,991,0,29,107,2592,1944
1291,frame_0008.jpeg,chicken,1071,161,92,159,2592,1944
1292,frame_0008.jpeg,chicken,1484,0,112,98,2592,1944
1293,frame_0008.jpeg,chicken,1112,286,150,182,2592,1944
1294,frame_0008.jpeg,chicken,1396,212,145,110,2592,1944
1295,frame_0008.jpeg,chicken,1259,193,111,117,2592,1944
1296,frame_0008.jpeg,chicken,1298,140,115,108,2592,1944
1297,frame_0008.jpeg,chicken,1379,138,81,152,2592,1944
1298,frame_0008.jpeg,chicken,1350,68,90,122,2592,1944
1299,frame_0008.jpeg,chicken,1457,60,109,81,2592,1944
1300,frame_0008.jpeg,chicken,351,458,109,111,2592,1944
1301,frame_0008.jpeg,chicken,542,480,106,87,2592,1944
1302,frame_0008.jpeg,chicken,444,473,119,103,2592,1944
1303,frame_0008.jpeg,chicken,508,401,97,98,2592,1944
1304,frame_0008.jpeg,chicken,211,508,103,111,2592,1944
1305,frame_0008.jpeg,chicken,157,563,90,56,2592,1944
1306,frame_0008.jpeg,chicken,0,530,106,65,2592,1944
1307,frame_0008.jpeg,chicken,224,326,98,119,2592,1944
1308,frame_0008.jpeg,chicken,62,377,86,112,2592,1944
1309,frame_0008.jpeg,chicken,95,300,66,88,2592,1944
1310,frame_0008.jpeg,chicken,178,208,111,73,2592,1944
1311,frame_0008.jpeg,chicken,41,228,86,113,2592,1944
1312,frame_0008.jpeg,chicken,24,205,104,102,2592,1944
1313,frame_0008.jpeg,chicken,0,129,88,66,2592,1944
1314,frame_0008.jpeg,chicken,2105,433,111,148,2592,1944
1315,frame_0008.jpeg,chicken,1823,361,91,137,2592,1944
1316,frame_0008.jpeg,chicken,1771,270,146,92,2592,1944
1317,frame_0008.jpeg,chicken,1680,263,140,99,2592,1944
1318,frame_0008.jpeg,chicken,1774,243,75,125,2592,1944
1319,frame_0008.jpeg,chicken,1697,170,84,139,2592,1944
1320,frame_0008.jpeg,chicken,2038,56,93,121,2592,1944
1321,frame_0008.jpeg,chicken,2326,605,45,96,2592,1944
1322,frame_0008.jpeg,chicken,2551,188,101,41,2592,1944
1323,frame_0008.jpeg,chicken,2279,0,89,84,2592,1944
1324,frame_0008.jpeg,chicken,2233,0,95,88,2592,1944
1325,frame_0008.jpeg,chicken,2445,412,93,66,2592,1944
1326,frame_0008.jpeg,chicken,2485,464,93,84,2592,1944
1327,frame_0008.jpeg,chicken,2483,607,66,109,2592,1944
1328,frame_0009.jpeg,chicken,1945,882,104,172,2592,1944
1329,frame_0009.jpeg,chicken,2118,961,111,112,2592,1944
1330,frame_0009.jpeg,chicken,2279,872,88,146,2592,1944
1331,frame_0009.jpeg,chicken,2278,1036,140,87,2592,1944
1332,frame_0009.jpeg,chicken,2212,1123,95,119,2592,1944
1333,frame_0009.jpeg,chicken,2045,1132,106,114,2592,1944
1334,frame_0009.jpeg,chicken,2169,1217,107,122,2592,1944
1335,frame_0009.jpeg,chicken,1988,1240,121,98,2592,1944
1336,frame_0009.jpeg,chicken,2229,1326,76,89,2592,1944
1337,frame_0009.jpeg,chicken,1929,1356,73,136,2592,1944
1338,frame_0009.jpeg,chicken,2382,1249,81,108,2592,1944
1339,frame_0009.jpeg,chicken,2431,1167,124,92,2592,1944
1340,frame_0009.jpeg,chicken,2505,1128,151,85,2592,1944
1341,frame_0009.jpeg,chicken,2479,1436,106,96,2592,1944
1342,frame_0009.jpeg,chicken,2360,1413,59,94,2592,1944
1343,frame_0009.jpeg,chicken,2402,1410,135,78,2592,1944
1344,frame_0009.jpeg,chicken,2418,1475,117,70,2592,1944
1345,frame_0009.jpeg,chicken,2457,1562,93,109,2592,1944
1346,frame_0009.jpeg,chicken,2546,1583,104,46,2592,1944
1347,frame_0009.jpeg,chicken,2128,1484,105,108,2592,1944
1348,frame_0009.jpeg,chicken,2087,1566,105,97,2592,1944
1349,frame_0009.jpeg,chicken,1851,1529,109,159,2592,1944
1350,frame_0009.jpeg,chicken,2380,684,115,130,2592,1944
1351,frame_0009.jpeg,chicken,2243,702,99,96,2592,1944
1352,frame_0009.jpeg,chicken,2084,674,119,159,2592,1944
1353,frame_0009.jpeg,chicken,1982,596,82,148,2592,1944
1354,frame_0009.jpeg,chicken,2223,596,101,178,2592,1944
1355,frame_0009.jpeg,chicken,2037,1908,36,82,2592,1944
1356,frame_0009.jpeg,chicken,2107,1920,24,122,2592,1944
1357,frame_0009.jpeg,chicken,2255,1922,22,76,2592,1944
1358,frame_0009.jpeg,chicken,1145,1059,108,145,2592,1944
1359,frame_0009.jpeg,chicken,1652,1504,97,147,2592,1944
1360,frame_0009.jpeg,chicken,1594,1534,92,118,2592,1944
1361,frame_0009.jpeg,chicken,1473,1529,98,137,2592,1944
1362,frame_0009.jpeg,chicken,1408,1482,118,108,2592,1944
1363,frame_0009.jpeg,chicken,1304,1809,115,153,2592,1944
1364,frame_0009.jpeg,chicken,1377,1363,86,159,2592,1944
1365,frame_0009.jpeg,chicken,1410,1266,114,179,2592,1944
1366,frame_0009.jpeg,chicken,1473,1205,100,154,2592,1944
1367,frame_0009.jpeg,chicken,1617,1168,176,97,2592,1944
1368,frame_0009.jpeg,chicken,1835,1296,126,96,2592,1944
1369,frame_0009.jpeg,chicken,1836,1407,98,103,2592,1944
1370,frame_0009.jpeg,chicken,1683,1256,151,126,2592,1944
1371,frame_0009.jpeg,chicken,1004,1779,96,133,2592,1944
1372,frame_0009.jpeg,chicken,117,1881,63,90,2592,1944
1373,frame_0009.jpeg,chicken,45,1782,120,85,2592,1944
1374,frame_0009.jpeg,chicken,16,1897,47,65,2592,1944
1375,frame_0009.jpeg,chicken,784,1744,117,121,2592,1944
1376,frame_0009.jpeg,chicken,633,1623,117,153,2592,1944
1377,frame_0009.jpeg,chicken,79,1410,138,108,2592,1944
1378,frame_0009.jpeg,chicken,0,1096,121,61,2592,1944
1379,frame_0009.jpeg,chicken,43,1119,109,135,2592,1944
1380,frame_0009.jpeg,chicken,191,1175,133,75,2592,1944
1381,frame_0009.jpeg,chicken,0,678,96,54,2592,1944
1382,frame_0009.jpeg,chicken,685,0,71,111,2592,1944
1383,frame_0009.jpeg,chicken,1385,0,26,70,2592,1944
1384,frame_0009.jpeg,chicken,2221,0,67,119,2592,1944
1385,frame_0009.jpeg,chicken,2516,0,74,56,2592,1944
1386,frame_0009.jpeg,chicken,2521,292,82,71,2592,1944
1387,frame_0009.jpeg,chicken,9,458,104,96,2592,1944
1388,frame_0009.jpeg,chicken,0,259,76,100,2592,1944
1389,frame_0009.jpeg,chicken,0,181,72,73,2592,1944
1390,frame_0009.jpeg,chicken,0,121,75,60,2592,1944
1391,frame_0009.jpeg,chicken,2478,463,96,90,2592,1944
1392,frame_0009.jpeg,chicken,2422,468,111,63,2592,1944
1393,frame_0009.jpeg,chicken,2272,496,106,94,2592,1944
1394,frame_0009.jpeg,chicken,2301,422,122,100,2592,1944
1395,frame_0009.jpeg,chicken,2164,415,122,77,2592,1944
1396,frame_0009.jpeg,chicken,2213,440,111,90,2592,1944
1397,frame_0009.jpeg,chicken,2054,375,127,83,2592,1944
1398,frame_0009.jpeg,chicken,2071,27,124,81,2592,1944
1399,frame_0009.jpeg,chicken,2023,66,103,76,2592,1944
1400,frame_0009.jpeg,chicken,2025,155,83,119,2592,1944
1401,frame_0009.jpeg,chicken,1501,35,118,75,2592,1944
1402,frame_0009.jpeg,chicken,1411,63,126,107,2592,1944
1403,frame_0009.jpeg,chicken,1830,366,102,133,2592,1944
1404,frame_0009.jpeg,chicken,1836,292,96,145,2592,1944
1405,frame_0009.jpeg,chicken,1677,297,119,103,2592,1944
1406,frame_0009.jpeg,chicken,1709,149,89,149,2592,1944
1407,frame_0009.jpeg,chicken,1763,201,112,119,2592,1944
1408,frame_0009.jpeg,chicken,1668,212,99,149,2592,1944
1409,frame_0009.jpeg,chicken,1375,252,99,130,2592,1944
1410,frame_0009.jpeg,chicken,1314,207,149,94,2592,1944
1411,frame_0009.jpeg,chicken,1072,141,105,140,2592,1944
1412,frame_0009.jpeg,chicken,1174,197,131,97,2592,1944
1413,frame_0009.jpeg,chicken,1220,241,143,105,2592,1944
1414,frame_0009.jpeg,chicken,1267,177,84,109,2592,1944
1415,frame_0009.jpeg,chicken,64,327,109,80,2592,1944
1416,frame_0009.jpeg,chicken,1482,517,109,137,2592,1944
1417,frame_0009.jpeg,chicken,1618,511,128,130,2592,1944
1418,frame_0009.jpeg,chicken,1586,629,104,170,2592,1944
1419,frame_0009.jpeg,chicken,1559,714,74,141,2592,1944
1420,frame_0009.jpeg,chicken,1322,591,112,117,2592,1944
1421,frame_0009.jpeg,chicken,370,146,88,142,2592,1944
1422,frame_0009.jpeg,chicken,293,1375,101,107,2592,1944
1423,frame_0009.jpeg,chicken,289,1277,81,136,2592,1944
1424,frame_0009.jpeg,chicken,340,1185,139,115,2592,1944
1425,frame_0009.jpeg,chicken,432,1487,134,91,2592,1944
1426,frame_0009.jpeg,chicken,530,1475,105,156,2592,1944
1427,frame_0009.jpeg,chicken,608,1373,59,131,2592,1944
1428,frame_0009.jpeg,chicken,989,674,187,107,2592,1944
1429,frame_0009.jpeg,chicken,906,652,173,102,2592,1944
1430,frame_0009.jpeg,chicken,257,923,83,140,2592,1944
1431,frame_0009.jpeg,chicken,516,1118,147,117,2592,1944
1432,frame_0009.jpeg,chicken,451,1041,93,166,2592,1944
1433,frame_0009.jpeg,chicken,710,1027,172,103,2592,1944
1434,frame_0009.jpeg,chicken,548,891,208,96,2592,1944
1435,frame_0009.jpeg,chicken,371,257,100,82,2592,1944
1436,frame_0009.jpeg,chicken,284,241,74,91,2592,1944
1437,frame_0009.jpeg,chicken,217,189,95,91,2592,1944
1438,frame_0009.jpeg,chicken,281,292,125,88,2592,1944
1439,frame_0009.jpeg,chicken,309,406,99,130,2592,1944
1440,frame_0009.jpeg,chicken,225,293,101,74,2592,1944
1441,frame_0009.jpeg,chicken,152,236,96,87,2592,1944
1442,frame_0009.jpeg,chicken,140,328,69,108,2592,1944
1443,frame_0009.jpeg,chicken,195,389,104,85,2592,1944
1444,frame_0009.jpeg,chicken,129,482,132,102,2592,1944
1445,frame_0009.jpeg,chicken,112,468,99,94,2592,1944
1446,frame_0009.jpeg,chicken,208,632,125,118,2592,1944
1447,frame_0009.jpeg,chicken,322,647,95,121,2592,1944
1448,frame_0009.jpeg,chicken,439,467,118,112,2592,1944
1449,frame_0009.jpeg,chicken,643,358,135,99,2592,1944
1450,frame_0009.jpeg,chicken,801,360,132,107,2592,1944
1451,frame_0009.jpeg,chicken,715,338,126,96,2592,1944
1452,frame_0009.jpeg,chicken,777,457,111,116,2592,1944
1453,frame_0009.jpeg,chicken,828,493,136,145,2592,1944
1454,frame_0009.jpeg,chicken,468,622,141,115,2592,1944
1455,frame_0009.jpeg,chicken,569,495,165,91,2592,1944
1456,frame_0009.jpeg,chicken,670,602,137,136,2592,1944
1457,frame_0009.jpeg,chicken,650,506,68,131,2592,1944
1458,frame_0009.jpeg,chicken,760,1320,114,190,2592,1944
1459,frame_0009.jpeg,chicken,861,1225,158,101,2592,1944
1460,frame_0009.jpeg,chicken,957,1177,172,105,2592,1944
1461,frame_0009.jpeg,chicken,1069,1257,93,169,2592,1944
1462,frame_0009.jpeg,chicken,1128,1317,99,135,2592,1944
1463,frame_0009.jpeg,chicken,1167,1406,95,147,2592,1944
1464,frame_0009.jpeg,chicken,1107,1483,90,166,2592,1944
1465,frame_0009.jpeg,chicken,1043,1540,73,107,2592,1944
1466,frame_0009.jpeg,chicken,1112,1559,146,121,2592,1944
1467,frame_0009.jpeg,chicken,895,1499,122,76,2592,1944
1468,frame_0009.jpeg,chicken,808,1474,69,118,2592,1944
